conv=0 w1=11 w2=11  z=5.0  K2 3 5 1 0 6 9 10 4 7 8 2
conv=0 w1=12 w2=11  z=4.4  K2 8 0 7 2 3 10 9 4 1 5 6
conv=0 w1=13 w2=11  z=4.7  K2 3 9 8 2 5 10 1 7 4 6 0
conv=0 w1=14 w2=11  z=4.0  K2 0 4 10 2 3 8 5 1 7 6 9
conv=0 w1=15 w2=11  z=4.2  K2 2 4 0 9 3 8 1 7 6 5 10
conv=0 w1=16 w2=11  z=5.3  K2 5 7 9 8 6 3 4 1 10 0 2
conv=0 w1=17 w2=11  z=4.7  K2 2 5 10 3 1 9 4 8 7 0 6
conv=0 w1=18 w2=11  z=4.9  K2 9 1 5 3 2 6 8 10 7 0 4
conv=0 w1=19 w2=11  z=4.6  K2 6 8 2 0 4 10 9 3 7 1 5
conv=0 w1=20 w2=11  z=4.7  K2 0 7 1 4 10 8 9 6 5 2 3
conv=0 w1=21 w2=11  z=5.2  K2 9 2 7 3 0 6 1 8 4 5 10
conv=0 w1=22 w2=11  z=4.8  K2 6 8 0 7 5 4 10 2 1 3 9
conv=0 w1=23 w2=11  z=4.9  K2 9 1 6 7 3 10 8 2 5 4 0
conv=0 w1=24 w2=11  z=4.5  K2 4 9 10 0 2 5 6 1 8 7 3
conv=0 w1=25 w2=11  z=5.4  K2 9 5 2 1 8 4 7 0 6 3 10
conv=0 w1=26 w2=11  z=4.7  K2 3 8 0 9 7 4 5 1 10 2 6
conv=0 w1=27 w2=11  z=4.8  K2 8 3 7 2 5 4 6 10 0 1 9
conv=0 w1=28 w2=11  z=5.4  K2 1 3 0 9 5 2 8 6 7 10 4
conv=0 w1=29 w2=11  z=5.4  K2 5 10 0 2 6 1 4 8 9 7 3
conv=0 w1=30 w2=11  z=5.7  K2 6 0 10 2 1 4 9 7 3 5 8
conv=0 w1=31 w2=11  z=4.7  K2 4 10 1 2 3 5 0 8 9 6 7
conv=0 w1=32 w2=11  z=4.8  K2 6 9 2 1 8 5 7 4 10 3 0
conv=0 w1=33 w2=11  z=5.0  K2 6 7 4 10 5 8 2 3 0 1 9
conv=0 w1=34 w2=11  z=5.2  K2 5 10 2 1 4 9 6 3 0 7 8
conv=0 w1=35 w2=11  z=5.4  K2 6 9 0 8 4 7 5 1 2 3 10
conv=0 w1=36 w2=11  z=4.7  K2 4 1 7 2 10 8 9 6 0 5 3
conv=0 w1=37 w2=11  z=5.1  K2 0 5 3 10 9 1 8 6 7 2 4
conv=0 w1=38 w2=11  z=4.7  K2 3 9 10 5 0 6 4 2 8 7 1
conv=0 w1=39 w2=11  z=4.3  K2 4 8 7 6 9 1 2 0 10 3 5
conv=0 w1=40 w2=11  z=5.2  K2 9 1 3 2 4 0 5 10 7 8 6
conv=0 w1=11 w2=12  z=4.6  K2 0 6 11 10 2 1 4 5 8 9 3 7
conv=0 w1=12 w2=12  z=5.1  K2 9 7 0 4 8 5 6 1 10 2 11 3
conv=0 w1=13 w2=12  z=5.0  K2 5 2 3 11 4 10 9 0 6 8 1 7
conv=0 w1=14 w2=12  z=5.2  K2 1 0 7 5 6 4 11 10 8 9 3 2
conv=0 w1=15 w2=12  z=4.9  K2 8 1 9 7 6 3 10 2 5 4 0 11
conv=0 w1=16 w2=12  z=6.0  K2 1 11 4 3 9 6 10 5 0 8 7 2
conv=0 w1=17 w2=12  z=5.0  K2 5 6 4 7 11 1 0 10 9 8 3 2
conv=0 w1=18 w2=12  z=5.2  K2 11 0 10 1 6 2 7 4 8 3 9 5
conv=0 w1=19 w2=12  z=4.2  K2 6 3 0 11 5 1 7 8 4 2 9 10
conv=0 w1=20 w2=12  z=5.2  K2 0 11 9 8 10 5 3 2 4 1 6 7
conv=0 w1=21 w2=12  z=5.2  K2 4 10 5 8 9 6 11 2 3 1 0 7
conv=0 w1=22 w2=12  z=5.2  K2 10 5 8 1 4 9 7 11 0 6 3 2
conv=0 w1=23 w2=12  z=5.0  K2 5 8 10 2 0 3 6 9 11 4 1 7
conv=0 w1=24 w2=12  z=5.7  K2 1 3 6 0 10 8 2 11 5 4 9 7
conv=0 w1=25 w2=12  z=5.5  K2 1 2 6 3 11 5 10 4 8 0 9 7
conv=0 w1=26 w2=12  z=5.1  K2 1 6 10 4 9 11 2 3 0 5 8 7
conv=0 w1=27 w2=12  z=5.7  K2 11 9 3 8 1 10 4 5 0 7 2 6
conv=0 w1=28 w2=12  z=5.1  K2 3 10 8 0 1 6 2 5 7 9 11 4
conv=0 w1=29 w2=12  z=5.3  K2 1 11 8 2 3 5 9 4 6 10 0 7
conv=0 w1=30 w2=12  z=5.3  K2 11 8 4 6 5 1 3 7 0 2 10 9
conv=0 w1=31 w2=12  z=4.8  K2 11 3 4 9 0 5 2 6 10 8 7 1
conv=0 w1=32 w2=12  z=5.6  K2 9 10 4 6 2 5 0 3 8 1 11 7
conv=0 w1=33 w2=12  z=5.9  K2 2 7 1 8 0 10 5 4 3 11 6 9
conv=0 w1=34 w2=12  z=5.7  K2 1 7 0 6 9 3 10 2 8 5 11 4
conv=0 w1=35 w2=12  z=5.3  K2 4 5 0 10 1 6 8 3 11 9 2 7
conv=0 w1=36 w2=12  z=5.0  K2 10 1 11 6 5 0 9 4 7 8 3 2
conv=0 w1=37 w2=12  z=5.4  K2 11 10 2 8 4 1 3 0 6 9 5 7
conv=0 w1=38 w2=12  z=5.1  K2 3 6 0 4 11 2 9 5 10 1 8 7
conv=0 w1=39 w2=12  z=6.0  K2 1 8 5 10 2 11 4 6 0 3 9 7
conv=0 w1=40 w2=12  z=5.9  K2 10 5 4 6 8 11 2 9 0 1 3 7
conv=0 w1=11 w2=13  z=5.1  K2 0 5 7 11 8 10 12 4 2 1 3 9 6
conv=0 w1=12 w2=13  z=5.5  K2 6 10 7 5 2 8 0 3 1 4 11 9 12
conv=0 w1=13 w2=13  z=5.5  K2 7 6 1 2 5 9 0 11 12 8 10 4 3
conv=0 w1=14 w2=13  z=5.4  K2 0 2 3 9 5 4 11 8 7 6 12 10 1
conv=0 w1=15 w2=13  z=6.1  K2 1 8 3 7 4 0 5 10 12 6 11 9 2
conv=0 w1=16 w2=13  z=4.9  K2 11 4 5 8 0 7 10 6 1 3 2 9 12
conv=0 w1=17 w2=13  z=5.8  K2 0 4 8 1 6 12 2 7 9 11 3 10 5
conv=0 w1=18 w2=13  z=4.7  K2 1 8 10 2 9 7 3 11 12 0 6 4 5
conv=0 w1=19 w2=13  z=5.8  K2 1 10 6 5 7 12 0 4 9 11 2 3 8
conv=0 w1=20 w2=13  z=6.0  K2 4 5 3 12 0 6 8 2 11 9 1 10 7
conv=0 w1=21 w2=13  z=5.6  K2 2 6 10 12 8 0 4 7 1 3 11 5 9
conv=0 w1=22 w2=13  z=5.2  K2 7 0 9 1 11 6 10 5 4 8 2 3 12
conv=0 w1=23 w2=13  z=6.3  K2 11 5 7 9 3 0 10 6 8 12 2 4 1
conv=0 w1=24 w2=13  z=5.9  K2 0 7 6 9 5 10 3 8 2 12 11 4 1
conv=0 w1=25 w2=13  z=5.7  K2 8 3 0 2 6 5 11 9 12 10 1 4 7
conv=0 w1=26 w2=13  z=5.2  K2 12 1 4 2 5 7 0 6 3 11 9 8 10
conv=0 w1=27 w2=13  z=6.3  K2 3 9 4 2 11 8 12 0 6 5 7 1 10
conv=0 w1=28 w2=13  z=5.9  K2 4 7 8 3 10 12 6 2 11 9 0 1 5
conv=0 w1=29 w2=13  z=5.2  K2 1 4 6 8 9 10 2 11 3 7 5 0 12
conv=0 w1=30 w2=13  z=5.5  K2 7 0 9 8 4 10 5 2 1 3 6 11 12
conv=0 w1=31 w2=13  z=5.7  K2 2 0 11 1 7 5 3 10 9 4 8 6 12
conv=0 w1=32 w2=13  z=6.5  K2 1 5 12 4 11 8 10 6 0 9 7 3 2
conv=0 w1=33 w2=13  z=6.0  K2 0 4 10 6 11 8 5 7 9 3 1 2 12
conv=0 w1=34 w2=13  z=5.4  K2 3 11 8 0 9 1 4 12 7 10 2 6 5
conv=0 w1=35 w2=13  z=5.2  K2 12 1 8 3 9 4 5 11 2 10 0 7 6
conv=0 w1=36 w2=13  z=5.4  K2 7 5 10 9 2 11 4 12 3 0 6 1 8
conv=0 w1=37 w2=13  z=6.1  K2 9 6 11 0 1 5 3 2 4 10 8 12 7
conv=0 w1=38 w2=13  z=5.5  K2 7 8 2 1 0 3 11 6 9 4 12 10 5
conv=0 w1=39 w2=13  z=5.1  K2 3 2 7 1 11 8 6 9 0 12 5 4 10
conv=0 w1=40 w2=13  z=5.3  K2 7 9 6 3 1 12 0 5 8 2 10 11 4
conv=0 w1=11 w2=14  z=4.9  K2 10 3 8 0 7 12 2 6 4 13 5 11 9 1
conv=0 w1=12 w2=14  z=4.9  K2 11 1 3 9 7 5 2 4 10 12 6 8 13 0
conv=0 w1=13 w2=14  z=5.1  K2 5 13 12 7 3 10 6 0 1 8 9 4 2 11
conv=0 w1=14 w2=14  z=5.7  K2 12 11 2 5 1 3 6 10 0 13 8 4 9 7
conv=0 w1=15 w2=14  z=6.1  K2 5 13 0 12 3 2 10 1 7 4 6 11 8 9
conv=0 w1=16 w2=14  z=6.1  K2 7 10 2 5 6 4 13 9 1 12 0 3 8 11
conv=0 w1=17 w2=14  z=6.0  K2 7 6 5 1 4 2 13 3 10 9 11 8 12 0
conv=0 w1=18 w2=14  z=6.0  K2 0 11 12 8 9 10 3 5 1 2 7 4 6 13
conv=0 w1=19 w2=14  z=5.3  K2 3 4 8 0 1 7 5 11 12 10 6 13 2 9
conv=0 w1=20 w2=14  z=6.3  K2 10 2 6 3 13 1 7 4 12 5 11 8 0 9
conv=0 w1=21 w2=14  z=6.6  K2 3 6 1 2 5 12 4 8 0 10 11 7 13 9
conv=0 w1=22 w2=14  z=6.8  K2 5 3 8 6 4 13 9 10 2 7 0 12 1 11
conv=0 w1=23 w2=14  z=6.0  K2 1 9 6 13 2 10 12 7 11 4 5 8 0 3
conv=0 w1=24 w2=14  z=6.0  K2 5 9 10 3 12 8 13 1 7 11 0 6 2 4
conv=0 w1=25 w2=14  z=5.4  K2 1 4 7 11 13 6 8 12 0 9 10 3 5 2
conv=0 w1=26 w2=14  z=6.4  K2 2 7 3 6 5 10 13 4 0 1 12 8 11 9
conv=0 w1=27 w2=14  z=5.9  K2 8 0 9 5 10 12 4 7 13 6 3 2 1 11
conv=0 w1=28 w2=14  z=6.3  K2 10 5 0 8 4 3 2 7 13 12 1 6 11 9
conv=0 w1=29 w2=14  z=6.6  K2 9 8 6 1 2 3 13 5 4 12 11 10 7 0
conv=0 w1=30 w2=14  z=6.6  K2 3 0 4 7 6 8 9 5 1 2 10 13 11 12
conv=0 w1=31 w2=14  z=7.2  K2 8 6 13 10 12 11 7 4 2 1 9 0 5 3
conv=0 w1=32 w2=14  z=6.6  K2 2 10 1 3 11 4 12 0 9 5 7 6 8 13
conv=0 w1=33 w2=14  z=5.7  K2 3 9 12 5 2 4 8 0 1 13 11 7 6 10
conv=0 w1=34 w2=14  z=6.2  K2 12 0 2 10 4 7 3 13 11 8 5 1 6 9
conv=0 w1=35 w2=14  z=5.5  K2 1 13 10 7 3 5 11 4 0 8 2 12 9 6
conv=0 w1=36 w2=14  z=5.9  K2 7 5 9 2 6 3 12 0 4 13 8 10 11 1
conv=0 w1=37 w2=14  z=6.1  K2 12 9 6 3 8 5 0 1 13 10 7 2 11 4
conv=0 w1=38 w2=14  z=5.7  K2 13 9 2 10 1 5 12 7 4 0 6 8 3 11
conv=0 w1=39 w2=14  z=6.9  K2 0 9 1 11 3 12 4 7 6 2 13 10 8 5
conv=0 w1=40 w2=14  z=5.2  K2 5 11 3 12 6 10 8 0 9 2 7 13 4 1
conv=0 w1=11 w2=15  z=6.3  K2 1 14 13 9 10 8 12 2 5 7 3 0 6 4 11
conv=0 w1=12 w2=15  z=6.1  K2 2 4 14 8 10 7 9 3 1 0 6 12 5 13 11
conv=0 w1=13 w2=15  z=6.2  K2 6 8 14 7 9 4 3 5 1 2 0 13 12 11 10
conv=0 w1=14 w2=15  z=6.1  K2 12 7 8 2 9 10 11 13 3 4 1 6 14 0 5
conv=0 w1=15 w2=15  z=5.9  K2 12 6 0 8 3 2 4 14 5 1 11 7 13 9 10
conv=0 w1=16 w2=15  z=6.1  K2 0 7 8 10 14 11 2 1 4 6 5 13 9 12 3
conv=0 w1=17 w2=15  z=6.0  K2 10 9 2 3 12 11 8 4 5 1 13 6 14 7 0
conv=0 w1=18 w2=15  z=6.7  K2 3 11 0 14 8 6 2 12 5 7 4 9 1 13 10
conv=0 w1=19 w2=15  z=6.0  K2 6 0 2 11 9 13 4 10 5 8 7 12 3 14 1
conv=0 w1=20 w2=15  z=6.3  K2 4 7 5 0 3 13 9 6 12 8 2 10 11 1 14
conv=0 w1=21 w2=15  z=6.9  K2 7 6 12 4 5 2 13 3 11 0 1 10 14 8 9
conv=0 w1=22 w2=15  z=5.9  K2 14 8 2 13 11 0 1 12 7 9 6 3 4 5 10
conv=0 w1=23 w2=15  z=6.4  K2 6 3 5 12 7 4 11 2 9 0 1 8 10 14 13
conv=0 w1=24 w2=15  z=6.3  K2 2 5 1 11 6 12 14 0 7 3 9 8 4 13 10
conv=0 w1=25 w2=15  z=6.2  K2 5 7 8 10 3 11 2 4 13 6 9 0 12 14 1
conv=0 w1=26 w2=15  z=6.7  K2 13 11 4 0 12 7 1 5 6 8 14 9 2 3 10
conv=0 w1=27 w2=15  z=6.3  K2 8 6 11 10 7 1 0 13 3 2 12 14 9 4 5
conv=0 w1=28 w2=15  z=5.8  K2 1 8 11 7 12 13 9 0 14 5 4 6 2 3 10
conv=0 w1=29 w2=15  z=6.6  K2 7 13 0 8 3 1 2 14 4 9 6 12 11 5 10
conv=0 w1=30 w2=15  z=6.3  K2 2 6 7 9 12 11 4 5 14 10 13 0 1 3 8
conv=0 w1=31 w2=15  z=6.4  K2 4 0 7 8 14 5 12 13 11 10 6 3 9 2 1
conv=0 w1=32 w2=15  z=6.5  K2 14 9 2 4 5 13 3 7 0 11 6 12 1 8 10
conv=0 w1=33 w2=15  z=7.1  K2 6 1 7 8 11 14 12 13 0 2 5 10 4 3 9
conv=0 w1=34 w2=15  z=6.6  K2 3 0 2 1 4 8 5 14 9 11 10 12 7 6 13
conv=0 w1=35 w2=15  z=6.8  K2 10 12 5 6 7 2 11 8 3 0 14 4 1 13 9
conv=0 w1=36 w2=15  z=6.3  K2 7 4 6 8 5 14 9 1 2 13 11 0 12 3 10
conv=0 w1=37 w2=15  z=6.1  K2 13 1 7 5 6 0 8 4 2 3 9 10 11 14 12
conv=0 w1=38 w2=15  z=6.1  K2 13 9 4 0 8 6 2 12 3 11 1 7 14 5 10
conv=0 w1=39 w2=15  z=6.9  K2 13 12 3 7 6 8 14 11 2 1 4 9 5 0 10
conv=0 w1=40 w2=15  z=6.8  K2 13 7 11 12 1 5 2 6 10 0 8 9 14 4 3
conv=0 w1=11 w2=16  z=6.2  K2 5 7 8 15 0 2 12 1 11 14 6 13 4 3 10 9
conv=0 w1=12 w2=16  z=6.5  K2 0 3 9 11 7 5 15 4 8 13 12 2 6 10 1 14
conv=0 w1=13 w2=16  z=6.2  K2 15 3 12 2 9 14 10 7 4 0 5 6 8 1 13 11
conv=0 w1=14 w2=16  z=6.3  K2 9 7 11 10 4 5 3 2 1 8 6 14 13 12 0 15
conv=0 w1=15 w2=16  z=7.5  K2 8 6 13 5 0 2 14 3 4 9 10 11 1 12 7 15
conv=0 w1=16 w2=16  z=6.6  K2 13 2 5 11 14 0 9 3 4 10 12 1 6 8 7 15
conv=0 w1=17 w2=16  z=6.1  K2 3 5 13 1 0 4 11 10 7 6 12 8 2 9 14 15
conv=0 w1=18 w2=16  z=6.5  K2 5 11 14 15 2 0 10 9 6 12 8 13 4 1 7 3
conv=0 w1=19 w2=16  z=6.5  K2 2 12 1 13 4 5 14 7 3 11 15 9 6 8 10 0
conv=0 w1=20 w2=16  z=6.0  K2 14 9 4 0 10 2 3 1 7 5 6 13 12 8 15 11
conv=0 w1=21 w2=16  z=6.6  K2 9 1 6 0 14 4 13 5 2 12 11 3 8 10 7 15
conv=0 w1=22 w2=16  z=7.0  K2 5 3 14 9 7 10 8 2 0 6 12 15 4 13 1 11
conv=0 w1=23 w2=16  z=7.0  K2 2 5 0 10 11 4 12 7 9 14 13 6 3 1 8 15
conv=0 w1=24 w2=16  z=7.1  K2 15 2 10 0 7 1 12 8 14 13 3 11 4 9 6 5
conv=0 w1=25 w2=16  z=6.8  K2 10 3 11 6 15 12 5 8 9 2 14 0 1 4 13 7
conv=0 w1=26 w2=16  z=6.6  K2 14 9 1 11 6 8 5 3 12 10 0 4 13 7 2 15
conv=0 w1=27 w2=16  z=6.3  K2 9 10 1 7 14 8 4 12 3 5 2 11 13 6 0 15
conv=0 w1=28 w2=16  z=6.4  K2 13 5 10 4 6 2 7 8 12 14 9 0 11 3 1 15
conv=0 w1=29 w2=16  z=6.9  K2 15 5 4 8 12 0 2 11 6 9 3 10 7 14 13 1
conv=0 w1=30 w2=16  z=6.8  K2 5 7 10 13 8 3 4 11 9 15 1 0 12 14 2 6
conv=0 w1=31 w2=16  z=6.2  K2 7 9 4 0 5 10 1 11 6 13 14 8 12 3 2 15
conv=0 w1=32 w2=16  z=6.2  K2 3 7 0 9 2 14 5 6 12 11 13 4 10 8 15 1
conv=0 w1=33 w2=16  z=6.4  K2 8 10 5 11 13 6 0 14 1 7 4 12 2 3 9 15
conv=0 w1=34 w2=16  z=7.4  K2 10 1 9 3 4 5 2 14 8 11 13 7 0 6 12 15
conv=0 w1=35 w2=16  z=6.7  K2 12 0 4 3 1 9 6 2 15 7 8 5 10 14 13 11
conv=0 w1=36 w2=16  z=6.1  K2 4 5 2 11 8 3 1 10 13 14 6 9 15 0 12 7
conv=0 w1=37 w2=16  z=5.6  K2 2 0 7 12 11 6 4 14 13 3 9 10 8 1 15 5
conv=0 w1=38 w2=16  z=6.8  K2 10 0 9 11 2 1 4 8 15 12 14 5 6 13 7 3
conv=0 w1=39 w2=16  z=6.9  K2 12 15 5 3 11 8 2 14 10 0 1 9 13 6 4 7
conv=0 w1=40 w2=16  z=7.1  K2 4 7 2 5 13 10 9 3 8 0 14 6 11 12 15 1
conv=0 w1=11 w2=17  z=7.2  K2 0 16 15 9 12 1 11 3 6 5 4 8 13 10 2 7 14
conv=0 w1=12 w2=17  z=6.9  K2 0 14 8 13 7 1 10 15 16 3 12 9 4 2 11 5 6
conv=0 w1=13 w2=17  z=6.9  K2 16 6 10 3 5 0 1 12 8 15 14 13 11 2 4 9 7
conv=0 w1=14 w2=17  z=6.9  K2 16 4 9 12 2 15 14 3 11 5 0 13 1 8 10 6 7
conv=0 w1=15 w2=17  z=7.2  K2 13 4 14 2 3 15 9 1 7 0 11 12 5 6 8 16 10
conv=0 w1=16 w2=17  z=6.3  K2 5 2 8 14 0 10 13 7 3 15 11 16 1 6 12 9 4
conv=0 w1=17 w2=17  z=6.5  K2 6 1 9 5 16 14 8 10 0 13 15 7 12 2 3 11 4
conv=0 w1=18 w2=17  z=7.2  K2 9 2 12 13 14 0 8 16 4 3 11 6 5 10 7 1 15
conv=0 w1=19 w2=17  z=7.4  K2 2 3 13 15 8 9 14 4 11 12 16 7 0 5 10 6 1
conv=0 w1=20 w2=17  z=6.9  K2 0 6 5 3 13 12 10 11 2 8 7 4 14 1 15 16 9
conv=0 w1=21 w2=17  z=6.8  K2 0 4 9 12 1 16 13 15 14 5 8 3 7 6 10 2 11
conv=0 w1=22 w2=17  z=6.6  K2 0 13 11 5 4 9 16 3 14 2 8 1 10 12 6 15 7
conv=0 w1=23 w2=17  z=7.1  K2 0 13 10 1 7 3 9 12 11 2 15 4 8 16 14 5 6
conv=0 w1=24 w2=17  z=7.6  K2 6 7 11 16 12 1 8 9 10 4 2 3 13 15 0 14 5
conv=0 w1=25 w2=17  z=5.8  K2 9 5 4 11 0 1 6 12 15 8 10 3 14 16 13 2 7
conv=0 w1=26 w2=17  z=6.9  K2 13 6 3 2 11 7 10 5 1 16 15 8 9 12 14 0 4
conv=0 w1=27 w2=17  z=7.4  K2 10 8 0 2 14 16 3 11 12 6 5 4 7 9 13 1 15
conv=0 w1=28 w2=17  z=6.4  K2 4 5 11 2 16 6 10 0 8 7 13 14 9 3 1 12 15
conv=0 w1=29 w2=17  z=7.0  K2 2 8 13 3 15 1 12 10 16 9 11 14 5 7 0 6 4
conv=0 w1=30 w2=17  z=6.4  K2 15 7 3 2 0 9 12 6 10 1 13 14 11 16 8 5 4
conv=0 w1=31 w2=17  z=6.5  K2 0 10 9 4 7 1 5 14 2 3 11 8 15 16 6 12 13
conv=0 w1=32 w2=17  z=7.4  K2 3 6 12 4 7 15 0 9 16 11 1 5 2 10 14 13 8
conv=0 w1=33 w2=17  z=6.9  K2 3 12 1 10 11 13 14 15 0 7 9 2 5 8 6 16 4
conv=0 w1=34 w2=17  z=7.1  K2 5 15 13 2 0 11 14 6 12 9 8 16 4 1 7 10 3
conv=0 w1=35 w2=17  z=6.3  K2 12 2 3 9 15 7 10 0 14 8 13 4 11 5 16 6 1
conv=0 w1=36 w2=17  z=6.5  K2 16 1 2 15 14 4 10 0 6 9 3 12 7 13 11 5 8
conv=0 w1=37 w2=17  z=6.4  K2 16 15 0 7 11 9 14 12 3 5 2 10 6 4 13 1 8
conv=0 w1=38 w2=17  z=7.6  K2 9 4 7 13 3 0 15 5 6 14 10 16 11 2 12 8 1
conv=0 w1=39 w2=17  z=6.6  K2 8 5 4 0 14 6 2 1 12 15 16 3 13 11 10 9 7
conv=0 w1=40 w2=17  z=7.4  K2 15 0 8 2 3 1 14 4 7 12 11 16 13 6 5 9 10
conv=0 w1=11 w2=18  z=6.3  K2 8 1 9 0 7 11 3 2 14 10 12 16 5 6 17 4 15 13
conv=0 w1=12 w2=18  z=6.8  K2 10 2 0 7 1 15 11 8 17 14 6 3 12 13 5 9 16 4
conv=0 w1=13 w2=18  z=7.0  K2 17 5 11 3 7 12 14 16 9 1 10 4 13 2 6 8 15 0
conv=0 w1=14 w2=18  z=7.9  K2 1 8 9 2 0 5 17 14 6 3 7 11 12 4 13 16 15 10
conv=0 w1=15 w2=18  z=7.2  K2 2 3 12 17 0 6 8 15 16 13 10 9 7 14 5 11 4 1
conv=0 w1=16 w2=18  z=6.8  K2 13 3 6 8 15 11 14 10 12 5 0 17 16 2 4 1 9 7
conv=0 w1=17 w2=18  z=7.7  K2 2 14 9 4 5 6 3 17 10 1 15 7 11 8 16 12 0 13
conv=0 w1=18 w2=18  z=7.2  K2 9 17 7 12 4 5 16 2 13 3 1 11 0 8 10 15 14 6
conv=0 w1=19 w2=18  z=8.0  K2 5 3 17 6 7 8 2 15 16 1 0 11 14 12 13 9 10 4
conv=0 w1=20 w2=18  z=8.1  K2 13 15 5 0 4 10 3 16 14 9 1 6 17 2 11 8 12 7
conv=0 w1=21 w2=18  z=7.8  K2 14 13 4 5 12 9 11 7 10 6 1 17 0 15 2 16 8 3
conv=0 w1=22 w2=18  z=7.2  K2 13 0 2 4 8 5 1 16 10 17 11 9 14 6 12 3 7 15
conv=0 w1=23 w2=18  z=7.7  K2 4 11 13 12 5 6 16 17 9 10 7 2 3 1 0 15 14 8
conv=0 w1=24 w2=18  z=7.3  K2 14 11 6 12 17 10 9 5 1 15 0 7 3 2 8 16 4 13
conv=0 w1=25 w2=18  z=7.7  K2 9 3 13 0 7 12 4 1 15 17 10 6 5 16 2 8 14 11
conv=0 w1=26 w2=18  z=8.1  K2 9 1 13 7 2 16 8 12 6 11 0 14 17 10 5 4 15 3
conv=0 w1=27 w2=18  z=6.6  K2 5 14 16 17 2 11 15 3 8 6 13 0 12 1 10 4 9 7
conv=0 w1=28 w2=18  z=7.4  K2 4 15 7 10 16 8 9 0 12 17 5 3 14 13 6 11 2 1
conv=0 w1=29 w2=18  z=6.4  K2 1 6 8 9 17 14 4 12 13 0 11 5 2 16 3 7 10 15
conv=0 w1=30 w2=18  z=7.3  K2 2 4 3 0 12 15 14 7 11 9 5 6 16 17 10 13 8 1
conv=0 w1=31 w2=18  z=7.2  K2 0 6 8 14 5 17 10 3 7 2 15 9 16 4 12 13 11 1
conv=0 w1=32 w2=18  z=7.0  K2 13 2 16 7 9 3 11 1 0 14 8 5 6 17 4 12 15 10
conv=0 w1=33 w2=18  z=6.8  K2 3 14 15 7 12 1 6 16 9 10 17 2 4 5 8 11 0 13
conv=0 w1=34 w2=18  z=7.3  K2 15 12 10 13 16 6 4 5 2 3 9 1 11 17 7 0 8 14
conv=0 w1=35 w2=18  z=7.1  K2 9 15 5 13 11 3 17 12 8 10 14 0 16 2 4 6 7 1
conv=0 w1=36 w2=18  z=6.7  K2 12 6 3 0 4 5 10 2 16 11 1 13 9 8 7 17 15 14
conv=0 w1=37 w2=18  z=8.0  K2 4 2 0 3 10 8 14 13 1 9 5 16 17 12 11 7 15 6
conv=0 w1=38 w2=18  z=6.6  K2 13 14 1 3 11 10 17 0 5 16 8 15 9 4 7 2 6 12
conv=0 w1=39 w2=18  z=7.0  K2 7 3 9 12 2 1 16 11 5 0 14 8 6 4 10 15 17 13
conv=0 w1=40 w2=18  z=8.1  K2 0 1 11 8 2 17 12 9 10 4 5 14 3 13 6 16 7 15
conv=0 w1=11 w2=19  z=6.6  K2 6 16 15 0 18 7 14 2 17 11 8 9 4 1 12 5 3 13 10
conv=0 w1=12 w2=19  z=6.6  K2 10 16 9 4 0 14 15 3 18 2 11 5 13 6 17 8 7 1 12
conv=0 w1=13 w2=19  z=7.4  K2 0 8 1 13 6 7 15 4 9 2 12 10 5 3 14 16 17 11 18
conv=0 w1=14 w2=19  z=7.5  K2 1 0 2 7 6 4 3 12 9 10 15 18 13 16 14 5 11 8 17
conv=0 w1=15 w2=19  z=8.0  K2 17 2 10 15 1 13 18 5 12 8 6 3 4 0 9 14 7 11 16
conv=0 w1=16 w2=19  z=7.7  K2 3 9 5 17 11 6 18 8 10 16 1 4 12 7 14 13 2 0 15
conv=0 w1=17 w2=19  z=8.2  K2 6 2 10 15 17 8 12 1 3 4 14 0 5 18 11 9 7 13 16
conv=0 w1=18 w2=19  z=8.3  K2 11 15 10 13 18 1 9 8 12 4 0 5 14 17 7 6 2 3 16
conv=0 w1=19 w2=19  z=6.9  K2 4 8 1 18 11 5 13 14 10 3 7 9 15 6 16 2 12 0 17
conv=0 w1=20 w2=19  z=7.8  K2 9 10 0 2 5 17 6 11 4 7 3 15 18 13 12 8 1 14 16
conv=0 w1=21 w2=19  z=7.3  K2 13 1 12 11 7 17 4 3 8 18 15 9 6 2 5 14 10 0 16
conv=0 w1=22 w2=19  z=7.6  K2 15 5 8 4 17 3 13 12 9 18 6 14 7 10 1 16 11 2 0
conv=0 w1=23 w2=19  z=8.5  K2 3 10 9 8 4 15 17 12 2 13 5 18 1 7 14 0 11 6 16
conv=0 w1=24 w2=19  z=7.3  K2 3 10 11 2 7 0 6 18 14 8 15 5 17 12 13 9 1 4 16
conv=0 w1=25 w2=19  z=7.6  K2 0 10 6 17 1 8 18 9 12 7 3 4 13 5 15 11 14 2 16
conv=0 w1=26 w2=19  z=7.5  K2 3 9 5 15 1 2 11 13 0 4 18 12 8 10 14 7 6 17 16
conv=0 w1=27 w2=19  z=7.7  K2 4 11 6 17 10 12 13 5 14 15 2 8 1 7 18 3 0 9 16
conv=0 w1=28 w2=19  z=7.5  K2 15 16 2 3 12 7 17 1 6 5 10 8 13 18 9 0 14 4 11
conv=0 w1=29 w2=19  z=7.3  K2 8 3 10 13 11 4 9 1 17 15 6 14 7 2 0 12 18 5 16
conv=0 w1=30 w2=19  z=6.6  K2 15 4 11 8 3 7 12 0 13 6 10 1 5 16 9 18 14 2 17
conv=0 w1=31 w2=19  z=7.2  K2 2 3 7 16 4 1 6 18 12 11 8 0 15 17 10 5 9 13 14
conv=0 w1=32 w2=19  z=8.0  K2 13 4 1 15 7 17 6 12 18 0 10 5 2 3 11 9 8 14 16
conv=0 w1=33 w2=19  z=7.8  K2 5 9 8 10 14 18 15 0 4 2 12 7 1 3 11 17 6 13 16
conv=0 w1=34 w2=19  z=7.8  K2 12 15 4 8 6 2 5 1 14 13 18 11 17 3 9 7 10 0 16
conv=0 w1=35 w2=19  z=7.8  K2 11 1 0 12 5 4 18 8 3 2 9 10 6 7 13 15 17 14 16
conv=0 w1=36 w2=19  z=7.4  K2 0 15 7 11 1 17 12 18 2 9 14 5 10 6 4 13 8 3 16
conv=0 w1=37 w2=19  z=7.4  K2 11 8 15 13 1 9 12 3 16 6 2 4 14 7 5 18 0 17 10
conv=0 w1=38 w2=19  z=8.1  K2 14 3 15 10 11 2 6 16 1 9 5 12 13 7 17 8 18 4 0
conv=0 w1=39 w2=19  z=7.7  K2 7 12 11 6 9 13 15 5 3 0 1 14 17 4 2 18 8 10 16
conv=0 w1=40 w2=19  z=7.6  K2 8 6 2 9 3 17 18 15 4 10 5 13 1 7 0 11 14 12 16
conv=0 w1=11 w2=20  z=7.9  K2 17 6 18 4 15 8 9 1 14 0 12 7 16 5 19 3 13 10 2 11
conv=0 w1=12 w2=20  z=7.0  K2 7 16 5 6 8 17 10 11 1 18 9 2 3 0 12 13 4 14 19 15
conv=0 w1=13 w2=20  z=7.9  K2 13 16 17 12 4 3 8 7 18 10 9 0 5 2 15 11 14 19 6 1
conv=0 w1=14 w2=20  z=7.4  K2 9 1 15 3 16 8 11 18 0 2 7 10 17 12 5 14 4 19 6 13
conv=0 w1=15 w2=20  z=7.7  K2 13 11 15 3 1 6 8 7 12 16 5 17 19 9 14 4 2 18 0 10
conv=0 w1=16 w2=20  z=7.8  K2 16 1 10 14 12 11 2 17 3 13 4 6 7 5 8 0 15 18 19 9
conv=0 w1=17 w2=20  z=8.0  K2 16 1 7 0 6 12 4 5 9 13 14 15 2 17 3 19 18 11 8 10
conv=0 w1=18 w2=20  z=8.4  K2 5 18 3 19 7 1 10 2 9 12 0 13 6 14 8 16 4 15 17 11
conv=0 w1=19 w2=20  z=8.5  K2 6 5 18 12 8 1 15 17 14 19 7 16 10 3 11 0 4 9 2 13
conv=0 w1=20 w2=20  z=7.7  K2 8 9 1 10 17 3 5 0 2 7 11 15 13 6 16 18 4 12 14 19
conv=0 w1=21 w2=20  z=7.6  K2 11 12 18 17 3 2 7 4 13 10 1 15 5 8 0 16 19 14 6 9
conv=0 w1=22 w2=20  z=7.9  K2 1 14 11 7 13 8 5 3 0 16 4 19 15 12 18 17 2 6 10 9
conv=0 w1=23 w2=20  z=7.9  K2 9 0 5 8 12 1 19 16 15 4 14 3 6 17 10 18 2 13 11 7
conv=0 w1=24 w2=20  z=7.7  K2 1 12 6 18 5 16 19 10 11 0 3 4 14 13 9 8 2 7 17 15
conv=0 w1=25 w2=20  z=7.9  K2 1 14 0 19 4 15 5 7 10 12 17 6 8 3 2 16 11 9 18 13
conv=0 w1=26 w2=20  z=8.3  K2 13 10 3 9 12 11 1 15 16 19 2 5 14 8 0 18 4 7 17 6
conv=0 w1=27 w2=20  z=8.2  K2 18 8 15 4 3 5 9 19 6 13 12 10 14 16 17 0 7 11 2 1
conv=0 w1=28 w2=20  z=7.8  K2 4 2 13 3 17 16 6 0 19 12 7 8 1 15 5 18 9 10 14 11
conv=0 w1=29 w2=20  z=8.2  K2 0 15 8 11 10 16 13 3 17 2 18 7 12 1 9 4 19 6 5 14
conv=0 w1=30 w2=20  z=6.7  K2 1 14 9 8 2 11 12 0 18 5 17 19 7 4 15 10 3 6 16 13
conv=0 w1=31 w2=20  z=8.2  K2 19 7 1 9 4 15 10 5 18 3 6 8 14 16 0 11 2 17 12 13
conv=0 w1=32 w2=20  z=7.6  K2 16 17 7 1 5 14 8 15 18 4 13 2 3 12 9 19 10 11 6 0
conv=0 w1=33 w2=20  z=7.3  K2 0 15 1 13 9 12 3 6 5 10 4 7 17 2 14 18 19 16 11 8
conv=0 w1=34 w2=20  z=8.4  K2 19 1 5 7 2 6 0 12 14 9 13 18 10 16 4 3 8 15 17 11
conv=0 w1=35 w2=20  z=7.2  K2 1 12 19 8 9 14 10 18 3 17 7 0 13 6 4 2 16 5 11 15
conv=0 w1=36 w2=20  z=7.6  K2 18 0 17 9 11 7 12 2 1 5 3 16 13 6 4 10 14 8 15 19
conv=0 w1=37 w2=20  z=8.1  K2 0 9 18 17 8 12 2 11 3 4 13 14 1 10 15 5 6 19 7 16
conv=0 w1=38 w2=20  z=7.8  K2 16 17 0 6 19 12 15 1 4 2 10 14 8 5 9 18 13 7 11 3
conv=0 w1=39 w2=20  z=8.1  K2 9 13 10 4 6 3 8 14 16 0 1 11 18 19 2 12 15 5 17 7
conv=0 w1=40 w2=20  z=7.7  K2 18 3 17 13 1 7 0 12 2 5 8 6 15 4 16 14 19 11 10 9
conv=0 w1=11 w2=21  z=8.0  K2 2 18 19 6 4 15 9 0 10 3 8 5 1 11 12 17 13 7 14 20 16
conv=0 w1=12 w2=21  z=8.0  K2 0 14 15 20 7 12 18 19 1 4 2 8 6 17 3 11 9 5 10 13 16
conv=0 w1=13 w2=21  z=7.9  K2 3 9 5 19 8 20 17 13 0 6 15 7 4 18 1 11 16 14 10 2 12
conv=0 w1=14 w2=21  z=8.1  K2 9 17 19 10 1 11 6 2 18 15 8 20 5 14 4 0 7 12 16 3 13
conv=0 w1=15 w2=21  z=9.2  K2 5 16 13 19 14 17 3 0 12 4 18 2 9 10 6 8 20 15 11 7 1
conv=0 w1=16 w2=21  z=8.1  K2 10 18 17 11 20 6 0 4 19 2 13 12 8 9 7 15 14 5 3 1 16
conv=0 w1=17 w2=21  z=8.4  K2 20 9 19 3 15 0 7 6 10 5 2 12 17 14 13 18 1 11 8 4 16
conv=0 w1=18 w2=21  z=8.3  K2 3 19 10 1 15 5 9 20 16 0 6 12 8 11 4 2 7 14 18 17 13
conv=0 w1=19 w2=21  z=8.5  K2 5 10 2 20 3 9 8 19 13 14 12 17 7 16 18 11 15 6 1 4 0
conv=0 w1=20 w2=21  z=8.0  K2 1 8 12 19 20 13 17 9 10 0 16 5 2 4 15 18 3 14 11 6 7
conv=0 w1=21 w2=21  z=8.1  K2 1 13 3 18 0 12 4 15 9 19 11 2 17 14 8 10 7 5 6 20 16
conv=0 w1=22 w2=21  z=8.3  K2 1 3 18 2 20 19 17 11 7 5 14 12 16 9 8 13 10 0 4 6 15
conv=0 w1=23 w2=21  z=7.9  K2 15 11 20 18 5 0 8 12 4 14 3 7 16 9 13 17 19 1 10 2 6
conv=0 w1=24 w2=21  z=7.8  K2 3 0 20 10 11 14 17 2 12 16 15 6 5 7 9 8 4 18 19 1 13
conv=0 w1=25 w2=21  z=7.9  K2 14 1 3 11 2 12 8 6 5 4 20 19 10 0 13 15 18 7 9 17 16
conv=0 w1=26 w2=21  z=7.4  K2 10 5 16 20 3 17 19 14 15 2 11 0 6 1 18 8 9 12 4 7 13
conv=0 w1=27 w2=21  z=8.4  K2 15 19 8 1 6 20 10 12 17 14 3 7 2 5 18 4 16 9 11 0 13
conv=0 w1=28 w2=21  z=7.8  K2 0 10 8 17 15 13 19 7 5 6 12 20 4 3 18 1 9 11 14 2 16
conv=0 w1=29 w2=21  z=7.6  K2 15 16 20 17 13 4 14 6 2 8 11 5 12 18 1 19 10 9 0 3 7
conv=0 w1=30 w2=21  z=7.1  K2 0 10 13 19 12 17 9 7 8 6 3 4 15 18 16 2 20 5 11 14 1
conv=0 w1=31 w2=21  z=7.8  K2 13 1 6 17 9 7 20 0 12 10 11 8 5 19 15 18 3 4 14 2 16
conv=0 w1=32 w2=21  z=8.2  K2 16 8 9 1 17 0 18 13 3 11 20 2 12 7 10 15 19 6 14 5 4
conv=0 w1=33 w2=21  z=8.1  K2 1 16 19 12 6 0 15 5 2 20 17 11 18 10 8 9 13 4 14 3 7
conv=0 w1=34 w2=21  z=7.3  K2 9 5 2 6 14 10 20 4 8 12 15 17 1 18 0 19 13 7 11 3 16
conv=0 w1=35 w2=21  z=8.4  K2 3 7 14 1 19 9 12 5 2 6 17 8 4 11 20 0 15 10 18 13 16
conv=0 w1=36 w2=21  z=7.6  K2 8 7 0 2 19 20 17 11 15 12 18 10 13 3 14 1 4 5 9 6 16
conv=0 w1=37 w2=21  z=7.5  K2 1 11 2 14 0 10 20 13 6 18 17 3 9 19 16 5 7 12 15 8 4
conv=0 w1=38 w2=21  z=8.0  K2 0 16 11 20 12 8 19 9 15 6 5 3 13 2 18 14 1 7 17 10 4
conv=0 w1=39 w2=21  z=8.2  K2 5 16 6 15 2 13 19 14 12 11 10 18 3 9 8 1 4 20 0 7 17
conv=0 w1=40 w2=21  z=7.6  K2 5 6 17 4 9 3 1 8 11 18 10 14 15 13 20 16 12 7 0 2 19
conv=0 w1=11 w2=22  z=7.8  K2 12 11 21 10 13 7 1 17 9 19 6 8 0 2 14 3 18 16 15 5 4 20
conv=0 w1=12 w2=22  z=8.1  K2 17 1 2 15 8 11 7 20 6 18 14 10 3 21 13 5 12 16 0 9 4 19
conv=0 w1=13 w2=22  z=8.4  K2 13 17 14 15 0 12 21 2 4 10 16 19 5 6 1 9 3 18 11 8 20 7
conv=0 w1=14 w2=22  z=8.1  K2 17 19 4 8 6 18 21 0 1 20 9 5 15 16 13 11 10 2 12 14 3 7
conv=0 w1=15 w2=22  z=7.4  K2 20 19 9 17 18 21 2 4 14 11 15 6 12 7 0 16 1 13 5 8 10 3
conv=0 w1=16 w2=22  z=7.8  K2 9 1 10 14 16 11 7 15 21 0 18 2 17 12 4 5 3 6 13 20 8 19
conv=0 w1=17 w2=22  z=9.2  K2 4 18 19 10 16 5 12 17 1 13 7 8 15 20 9 6 3 0 11 2 14 21
conv=0 w1=18 w2=22  z=8.3  K2 14 16 11 10 8 13 18 19 17 12 4 9 20 7 2 1 21 3 6 0 5 15
conv=0 w1=19 w2=22  z=8.0  K2 12 7 1 21 10 9 8 6 17 18 13 16 3 20 14 15 4 0 2 11 5 19
conv=0 w1=20 w2=22  z=8.0  K2 14 18 20 0 2 5 12 4 16 21 7 8 6 1 3 10 9 15 11 19 13 17
conv=0 w1=21 w2=22  z=9.0  K2 4 15 13 0 5 8 1 17 18 20 16 3 11 21 9 6 10 2 12 19 14 7
conv=0 w1=22 w2=22  z=8.2  K2 18 12 5 9 20 11 10 17 6 1 16 21 14 13 3 4 8 0 15 2 19 7
conv=0 w1=23 w2=22  z=8.5  K2 19 20 7 1 21 17 11 14 18 9 2 4 6 3 10 12 0 16 5 13 8 15
conv=0 w1=24 w2=22  z=8.5  K2 9 15 19 16 2 1 10 4 0 20 7 12 6 13 3 21 14 5 8 11 17 18
conv=0 w1=25 w2=22  z=7.8  K2 2 15 0 4 19 3 16 13 17 21 6 10 8 20 11 14 7 1 18 12 5 9
conv=0 w1=26 w2=22  z=7.7  K2 5 12 16 15 0 7 10 9 8 1 11 18 2 3 21 4 14 17 6 19 13 20
conv=0 w1=27 w2=22  z=8.4  K2 12 21 16 13 11 9 5 8 14 17 1 20 2 10 15 7 4 18 0 6 19 3
conv=0 w1=28 w2=22  z=7.7  K2 8 10 13 19 11 5 0 14 12 1 21 17 20 2 18 3 4 9 15 7 16 6
conv=0 w1=29 w2=22  z=8.4  K2 6 15 1 21 17 10 9 18 3 20 2 8 19 11 12 13 14 4 5 16 7 0
conv=0 w1=30 w2=22  z=8.9  K2 7 3 9 2 14 1 6 4 19 0 15 18 17 21 12 20 13 10 5 11 8 16
conv=0 w1=31 w2=22  z=7.2  K2 15 16 11 1 21 19 3 10 8 13 5 4 20 12 9 18 7 17 2 0 14 6
conv=0 w1=32 w2=22  z=8.4  K2 17 5 3 7 13 10 16 21 19 18 9 14 20 8 4 15 0 2 11 6 12 1
conv=0 w1=33 w2=22  z=7.8  K2 11 6 18 10 15 0 16 3 2 19 21 14 8 9 4 12 1 13 20 17 7 5
conv=0 w1=34 w2=22  z=8.2  K2 4 2 15 16 0 13 14 10 1 3 11 12 18 5 8 7 6 21 9 17 19 20
conv=0 w1=35 w2=22  z=8.4  K2 20 8 7 12 5 15 2 6 0 16 10 4 13 18 14 3 9 11 21 1 17 19
conv=0 w1=36 w2=22  z=8.0  K2 5 2 7 17 10 16 8 6 20 14 11 0 13 12 4 19 15 1 18 9 21 3
conv=0 w1=37 w2=22  z=7.5  K2 12 9 2 20 19 13 11 14 15 21 10 6 0 4 17 8 3 5 18 1 7 16
conv=0 w1=38 w2=22  z=9.1  K2 10 21 17 13 19 15 20 6 8 5 12 9 16 1 4 14 0 11 7 3 2 18
conv=0 w1=39 w2=22  z=7.8  K2 17 7 14 6 20 0 21 9 15 19 1 10 13 16 8 11 4 12 5 3 2 18
conv=0 w1=40 w2=22  z=8.1  K2 9 8 17 2 14 19 7 10 16 18 13 4 6 5 12 11 20 0 3 1 15 21
conv=0 w1=11 w2=23  z=8.7  K2 13 18 4 16 11 1 8 12 7 22 17 20 19 2 9 6 14 21 5 15 0 3 10
conv=0 w1=12 w2=23  z=8.7  K2 19 20 22 9 15 0 3 7 16 18 4 5 1 2 8 13 12 6 21 14 11 17 10
conv=0 w1=13 w2=23  z=9.1  K2 3 10 14 17 6 12 20 5 9 19 16 4 7 15 11 13 22 21 18 2 0 8 1
conv=0 w1=14 w2=23  z=8.6  K2 8 22 18 1 4 12 13 16 19 0 6 7 20 17 3 10 14 5 9 15 11 2 21
conv=0 w1=15 w2=23  z=8.5  K2 2 15 11 14 7 5 1 12 9 20 18 22 8 16 13 17 3 10 19 21 0 6 4
conv=0 w1=16 w2=23  z=8.7  K2 16 13 3 15 4 0 9 12 20 2 19 14 22 21 11 10 7 5 18 1 6 17 8
conv=0 w1=17 w2=23  z=8.6  K2 12 6 19 1 13 14 10 5 9 2 0 8 15 21 17 3 18 4 22 16 7 20 11
conv=0 w1=18 w2=23  z=8.9  K2 3 12 20 7 6 4 19 0 15 18 2 17 16 5 14 1 21 8 10 22 9 11 13
conv=0 w1=19 w2=23  z=8.1  K2 12 1 2 13 3 16 14 19 7 0 5 18 8 9 22 4 11 20 10 6 17 21 15
conv=0 w1=20 w2=23  z=8.0  K2 6 21 3 1 7 5 22 20 18 0 9 19 8 17 13 14 15 4 16 12 11 2 10
conv=0 w1=21 w2=23  z=9.0  K2 20 2 9 18 1 5 12 11 0 3 4 13 10 7 17 15 19 8 14 6 22 21 16
conv=0 w1=22 w2=23  z=8.9  K2 20 22 6 16 12 21 4 7 14 11 5 0 3 17 9 10 18 19 13 8 2 1 15
conv=0 w1=23 w2=23  z=9.3  K2 3 9 4 20 7 22 13 16 17 10 19 21 2 8 1 6 11 15 5 18 12 0 14
conv=0 w1=24 w2=23  z=8.7  K2 3 2 11 14 18 5 19 7 0 6 21 10 9 20 22 15 4 1 17 13 16 8 12
conv=0 w1=25 w2=23  z=8.2  K2 22 19 8 6 14 17 7 0 5 1 2 15 11 12 3 4 21 10 13 18 20 16 9
conv=0 w1=26 w2=23  z=8.3  K2 17 13 18 19 11 12 5 22 7 8 21 20 14 9 2 6 0 3 16 15 4 10 1
conv=0 w1=27 w2=23  z=8.3  K2 21 9 11 0 3 10 22 1 18 5 7 2 14 19 6 8 12 13 16 20 15 17 4
conv=0 w1=28 w2=23  z=8.3  K2 15 12 22 21 14 0 3 20 17 7 18 11 9 16 5 19 13 10 2 6 4 1 8
conv=0 w1=29 w2=23  z=8.3  K2 9 4 3 13 17 8 1 10 22 15 5 6 11 19 0 14 2 20 12 7 21 18 16
conv=0 w1=30 w2=23  z=9.7  K2 7 19 8 22 16 2 21 11 9 12 10 18 1 20 5 15 17 3 4 0 6 13 14
conv=0 w1=31 w2=23  z=8.1  K2 20 18 0 14 2 4 22 6 11 5 21 1 9 17 3 10 12 15 16 8 19 7 13
conv=0 w1=32 w2=23  z=8.6  K2 9 2 0 5 11 21 4 15 1 18 20 8 3 12 16 6 7 22 13 17 19 14 10
conv=0 w1=33 w2=23  z=8.0  K2 7 13 19 21 11 16 10 22 12 14 4 17 5 9 0 20 3 2 18 8 1 6 15
conv=0 w1=34 w2=23  z=9.1  K2 2 22 19 3 11 17 7 10 0 5 21 12 16 1 20 13 8 6 4 9 18 14 15
conv=0 w1=35 w2=23  z=9.5  K2 15 19 7 16 2 14 6 12 21 1 9 8 13 18 20 11 0 10 5 17 3 22 4
conv=0 w1=36 w2=23  z=8.4  K2 13 11 0 17 14 8 7 12 4 2 15 5 20 3 21 18 19 16 6 22 9 1 10
conv=0 w1=37 w2=23  z=8.3  K2 15 21 19 16 6 17 14 22 3 9 20 12 10 13 1 0 11 7 4 8 18 5 2
conv=0 w1=38 w2=23  z=8.3  K2 13 7 15 21 16 10 11 20 17 19 12 22 2 5 4 14 0 9 3 18 6 8 1
conv=0 w1=39 w2=23  z=9.4  K2 16 13 18 8 21 5 3 4 19 11 22 2 6 0 7 9 10 17 20 12 15 1 14
conv=0 w1=40 w2=23  z=7.4  K2 21 15 11 2 4 1 22 13 3 8 19 7 0 16 18 12 9 10 17 14 5 20 6
conv=0 w1=11 w2=24  z=8.4  K2 8 10 5 20 13 16 4 21 7 23 0 6 15 14 3 12 9 1 18 19 11 2 22 17
conv=0 w1=12 w2=24  z=8.6  K2 21 10 1 11 17 5 2 18 9 19 3 15 16 23 6 22 12 14 0 20 13 4 8 7
conv=0 w1=13 w2=24  z=9.1  K2 23 12 0 19 6 9 15 20 21 18 10 16 3 13 22 11 2 4 1 5 8 17 14 7
conv=0 w1=14 w2=24  z=10.3  K2 12 23 8 21 16 15 10 11 22 4 19 7 2 5 17 1 6 14 9 3 20 0 13 18
conv=0 w1=15 w2=24  z=8.9  K2 8 2 7 6 17 1 4 10 21 16 23 13 20 5 9 14 12 0 15 18 22 19 3 11
conv=0 w1=16 w2=24  z=9.4  K2 4 18 1 14 9 10 16 3 11 20 21 19 13 23 12 0 22 15 5 2 17 6 8 7
conv=0 w1=17 w2=24  z=9.4  K2 9 10 5 21 3 22 17 11 2 23 20 16 1 18 4 14 13 19 12 8 0 15 6 7
conv=0 w1=18 w2=24  z=7.8  K2 13 6 17 8 11 20 21 5 22 19 9 1 18 3 15 4 12 16 10 2 0 23 14 7
conv=0 w1=19 w2=24  z=9.1  K2 7 9 21 5 22 13 20 11 6 18 12 3 23 19 10 2 4 1 14 8 16 15 17 0
conv=0 w1=20 w2=24  z=8.9  K2 11 19 15 8 5 16 6 23 1 3 22 21 14 0 12 10 2 4 20 17 13 18 9 7
conv=0 w1=21 w2=24  z=8.7  K2 15 1 18 9 10 5 21 20 6 8 13 17 14 4 19 0 16 11 23 3 12 22 2 7
conv=0 w1=22 w2=24  z=9.6  K2 16 6 10 9 20 4 18 1 23 19 8 3 21 15 14 17 22 5 12 11 13 2 0 7
conv=0 w1=23 w2=24  z=8.5  K2 11 14 23 0 19 8 15 13 1 6 4 9 16 2 20 21 10 5 18 17 22 12 3 7
conv=0 w1=24 w2=24  z=8.5  K2 5 6 16 10 13 23 0 18 20 4 7 8 3 19 1 11 9 21 14 22 12 17 2 15
conv=0 w1=25 w2=24  z=9.3  K2 19 8 15 3 5 12 4 7 0 17 2 11 1 13 18 21 6 14 10 23 9 20 22 16
conv=0 w1=26 w2=24  z=8.7  K2 20 0 14 17 13 11 15 1 7 22 12 10 3 8 4 23 5 18 21 6 2 19 16 9
conv=0 w1=27 w2=24  z=8.7  K2 6 15 4 18 1 8 13 16 0 3 11 21 23 22 17 10 12 19 5 9 20 7 2 14
conv=0 w1=28 w2=24  z=9.0  K2 0 15 10 20 18 21 8 17 9 11 12 19 1 23 7 3 5 4 6 22 2 13 14 16
conv=0 w1=29 w2=24  z=9.0  K2 18 0 16 13 9 14 21 6 15 12 2 23 5 19 3 17 10 20 8 7 22 11 1 4
conv=0 w1=30 w2=24  z=8.2  K2 17 13 2 3 20 16 5 14 9 23 8 22 4 0 15 18 1 10 11 12 21 6 19 7
conv=0 w1=31 w2=24  z=9.3  K2 16 12 8 15 18 11 21 13 22 1 10 14 3 5 6 19 23 20 9 17 2 0 4 7
conv=0 w1=32 w2=24  z=9.3  K2 5 12 18 3 11 1 0 10 14 9 23 16 17 2 15 4 8 20 13 6 22 21 19 7
conv=0 w1=33 w2=24  z=8.9  K2 0 6 5 18 8 14 22 3 4 17 1 11 20 23 21 13 15 2 10 9 19 7 12 16
conv=0 w1=34 w2=24  z=8.8  K2 21 22 5 1 8 3 6 19 13 10 7 9 18 16 11 20 17 0 14 2 15 23 12 4
conv=0 w1=35 w2=24  z=8.0  K2 23 19 7 5 20 3 21 4 6 11 14 2 22 18 1 12 17 0 9 16 8 15 13 10
conv=0 w1=36 w2=24  z=8.6  K2 19 15 11 16 2 22 12 18 9 23 21 20 1 10 14 5 17 3 0 4 6 13 7 8
conv=0 w1=37 w2=24  z=8.5  K2 13 0 16 21 2 7 12 3 6 14 19 22 17 8 20 10 9 1 23 15 5 18 11 4
conv=0 w1=38 w2=24  z=8.7  K2 12 1 10 14 6 0 23 3 20 13 8 22 4 11 2 9 21 15 18 7 17 19 5 16
conv=0 w1=39 w2=24  z=8.3  K2 13 16 19 18 9 10 12 23 2 1 4 0 7 5 22 17 20 21 6 11 8 14 3 15
conv=0 w1=40 w2=24  z=8.6  K2 0 2 13 3 22 17 1 15 9 20 14 23 6 16 10 18 21 5 11 4 8 19 12 7
conv=0 w1=11 w2=25  z=8.6  K2 9 5 17 11 14 6 13 12 3 19 0 23 2 4 21 20 1 18 16 7 10 24 22 8 15
conv=0 w1=12 w2=25  z=8.9  K2 1 0 16 20 18 3 15 19 21 14 11 8 7 2 12 23 24 9 10 4 22 5 17 6 13
conv=0 w1=13 w2=25  z=8.9  K2 14 22 9 7 4 17 5 16 18 12 2 6 23 20 11 10 1 3 21 13 8 0 24 19 15
conv=0 w1=14 w2=25  z=9.6  K2 4 16 24 14 17 8 15 12 22 19 9 18 0 1 20 23 3 11 13 6 10 5 21 7 2
conv=0 w1=15 w2=25  z=8.8  K2 18 23 13 0 4 8 9 3 6 15 24 17 21 22 19 14 11 12 16 20 5 10 7 2 1
conv=0 w1=16 w2=25  z=9.2  K2 1 17 12 11 21 10 23 22 18 2 16 0 7 6 4 3 13 9 19 8 14 24 20 5 15
conv=0 w1=17 w2=25  z=9.7  K2 1 16 3 12 14 4 6 9 0 20 21 17 24 11 10 18 5 22 2 19 23 13 7 8 15
conv=0 w1=18 w2=25  z=8.3  K2 1 0 13 8 2 19 3 18 7 16 4 17 21 5 14 9 22 23 11 20 10 24 6 15 12
conv=0 w1=19 w2=25  z=9.2  K2 9 2 24 17 20 15 13 16 0 19 3 4 12 21 11 22 6 10 5 1 23 7 18 14 8
conv=0 w1=20 w2=25  z=8.6  K2 8 10 1 21 9 0 11 23 4 17 19 14 18 13 6 3 5 15 22 7 24 20 2 12 16
conv=0 w1=21 w2=25  z=9.6  K2 15 1 23 16 9 8 14 24 0 7 20 4 3 17 11 13 19 5 2 21 22 10 12 6 18
conv=0 w1=22 w2=25  z=9.1  K2 2 18 23 16 22 10 7 11 0 21 3 8 5 12 6 19 24 1 13 17 14 20 9 4 15
conv=0 w1=23 w2=25  z=8.6  K2 20 1 12 13 3 7 22 4 9 14 18 17 2 21 6 5 24 16 19 10 23 15 8 0 11
conv=0 w1=24 w2=25  z=9.2  K2 16 13 0 21 2 8 19 20 18 24 11 6 17 1 4 7 23 10 22 15 14 5 3 9 12
conv=0 w1=25 w2=25  z=8.9  K2 11 4 14 24 6 3 22 9 7 17 19 16 5 10 0 15 13 23 20 2 12 1 21 8 18
conv=0 w1=26 w2=25  z=9.7  K2 2 7 20 23 1 19 24 13 6 18 14 0 4 8 22 9 12 16 21 11 3 17 10 5 15
conv=0 w1=27 w2=25  z=9.3  K2 23 22 5 4 21 1 11 17 0 12 9 18 7 2 13 3 24 20 14 6 15 19 10 8 16
conv=0 w1=28 w2=25  z=8.3  K2 23 22 11 13 21 8 18 12 9 16 1 17 0 6 20 7 4 5 2 10 24 19 3 14 15
conv=0 w1=29 w2=25  z=9.6  K2 1 22 23 5 4 9 14 20 21 16 24 12 3 13 7 8 10 19 2 11 0 15 17 6 18
conv=0 w1=30 w2=25  z=9.3  K2 23 0 20 14 4 17 10 21 8 2 1 13 15 5 16 24 3 7 11 22 18 6 9 12 19
conv=0 w1=31 w2=25  z=9.0  K2 3 4 13 2 19 6 16 7 0 11 14 8 1 5 22 12 17 10 24 21 20 9 23 18 15
conv=0 w1=32 w2=25  z=8.5  K2 16 15 7 3 18 10 12 20 24 9 23 2 8 17 11 19 22 4 0 5 6 13 14 1 21
conv=0 w1=33 w2=25  z=9.2  K2 17 22 24 8 6 1 12 5 21 23 16 4 7 15 20 11 10 13 14 19 3 9 2 18 0
conv=0 w1=34 w2=25  z=9.0  K2 9 18 1 8 17 24 5 3 11 20 2 12 16 6 22 21 10 19 13 7 23 0 4 15 14
conv=0 w1=35 w2=25  z=9.1  K2 13 11 17 14 0 4 16 15 3 21 1 8 22 20 18 7 19 10 23 24 2 12 9 6 5
conv=0 w1=36 w2=25  z=8.5  K2 12 3 11 19 7 23 17 6 5 16 18 2 10 24 4 1 21 0 22 9 8 13 20 15 14
conv=0 w1=37 w2=25  z=8.3  K2 11 12 21 23 4 10 1 2 0 20 16 7 14 17 22 5 19 6 8 18 9 3 13 15 24
conv=0 w1=38 w2=25  z=9.0  K2 14 20 12 2 11 9 15 23 18 3 10 21 8 17 4 1 22 19 16 13 5 0 24 6 7
conv=0 w1=39 w2=25  z=8.8  K2 7 5 23 19 22 14 0 17 9 12 18 24 15 21 2 20 8 1 3 4 11 10 13 6 16
conv=0 w1=40 w2=25  z=8.7  K2 12 7 24 1 8 19 9 3 6 23 16 21 17 10 13 20 5 22 15 0 2 4 18 14 11
conv=0 w1=11 w2=26  z=8.7  K2 24 9 2 17 5 4 19 15 23 16 14 0 20 13 1 11 6 10 7 8 3 22 18 12 21 25
conv=0 w1=12 w2=26  z=9.0  K2 13 15 1 20 7 6 5 21 3 4 17 23 10 16 19 0 14 11 24 9 18 22 8 2 12 25
conv=0 w1=13 w2=26  z=8.9  K2 24 21 10 1 22 2 13 17 18 12 5 23 3 19 14 16 20 25 6 4 15 11 9 7 0 8
conv=0 w1=14 w2=26  z=10.3  K2 18 12 25 6 1 4 14 11 24 23 19 8 20 17 15 0 13 5 7 21 3 16 2 9 22 10
conv=0 w1=15 w2=26  z=9.2  K2 24 12 19 10 4 3 21 23 0 7 11 17 18 2 6 15 22 16 13 20 1 9 5 8 14 25
conv=0 w1=16 w2=26  z=8.7  K2 14 7 20 18 12 25 15 2 9 23 6 24 17 11 21 4 19 5 10 1 13 22 8 16 3 0
conv=0 w1=17 w2=26  z=9.2  K2 21 6 11 8 3 10 18 0 9 14 2 24 19 15 12 20 4 25 17 7 1 16 22 5 23 13
conv=0 w1=18 w2=26  z=8.9  K2 13 15 20 5 12 14 6 0 4 8 10 1 24 25 3 17 16 23 22 2 11 7 21 9 19 18
conv=0 w1=19 w2=26  z=9.3  K2 2 24 21 1 14 13 0 5 23 19 8 4 25 10 11 22 18 17 12 16 9 6 15 3 20 7
conv=0 w1=20 w2=26  z=8.9  K2 1 21 23 14 18 8 6 16 2 10 13 12 5 7 25 9 3 22 15 4 20 24 0 19 11 17
conv=0 w1=21 w2=26  z=10.4  K2 16 15 20 14 17 22 1 25 7 8 23 2 11 4 0 24 3 19 21 18 10 6 12 5 13 9
conv=0 w1=22 w2=26  z=9.2  K2 13 3 4 16 25 1 22 23 15 8 10 24 21 6 19 12 2 20 0 7 9 14 18 11 17 5
conv=0 w1=23 w2=26  z=9.2  K2 10 15 8 4 25 14 24 2 18 20 7 11 19 17 3 22 12 21 13 0 1 5 6 16 9 23
conv=0 w1=24 w2=26  z=9.3  K2 21 22 11 5 9 12 20 4 18 10 13 0 7 1 16 14 3 19 23 17 24 2 15 8 6 25
conv=0 w1=25 w2=26  z=8.6  K2 21 19 13 18 0 23 8 4 14 24 25 11 22 2 17 6 9 5 7 12 15 1 20 3 16 10
conv=0 w1=26 w2=26  z=8.7  K2 15 18 23 20 9 10 12 21 22 5 11 13 2 3 24 8 1 16 19 4 17 0 6 7 25 14
conv=0 w1=27 w2=26  z=9.6  K2 5 8 6 3 17 11 15 13 7 18 19 23 12 24 10 9 14 4 2 21 20 16 1 0 22 25
conv=0 w1=28 w2=26  z=8.3  K2 24 8 13 10 2 18 6 21 5 17 20 14 4 12 11 0 19 15 3 7 16 9 22 23 1 25
conv=0 w1=29 w2=26  z=8.4  K2 16 14 17 6 20 10 5 12 4 22 13 1 2 24 15 0 18 19 8 7 11 21 9 23 3 25
conv=0 w1=30 w2=26  z=8.8  K2 3 11 0 1 12 23 25 13 4 5 9 8 24 10 7 15 18 21 22 16 6 20 14 17 2 19
conv=0 w1=31 w2=26  z=9.5  K2 5 20 10 22 17 25 6 19 14 12 23 9 0 24 2 11 3 13 7 21 8 16 4 1 18 15
conv=0 w1=32 w2=26  z=8.2  K2 19 10 5 21 12 0 16 25 11 7 14 23 24 8 1 4 9 17 6 15 2 3 18 22 13 20
conv=0 w1=33 w2=26  z=9.5  K2 0 16 24 23 8 12 15 1 19 11 6 13 18 17 22 10 20 9 14 5 21 7 25 3 2 4
conv=0 w1=34 w2=26  z=9.5  K2 19 20 12 15 0 18 14 13 22 11 16 17 4 9 23 1 10 8 2 3 6 5 21 24 25 7
conv=0 w1=35 w2=26  z=9.4  K2 3 22 13 15 18 8 6 0 24 23 20 10 21 16 14 17 4 11 19 7 9 12 2 5 1 25
conv=0 w1=36 w2=26  z=8.7  K2 24 9 17 11 20 5 19 18 10 3 16 22 23 0 14 13 7 8 12 21 4 2 1 15 25 6
conv=0 w1=37 w2=26  z=8.1  K2 1 5 4 20 9 10 2 3 13 7 17 14 15 0 6 19 22 24 12 21 25 11 23 16 18 8
conv=0 w1=38 w2=26  z=8.9  K2 7 5 11 21 18 24 3 9 1 12 4 16 20 8 17 23 2 15 10 6 0 14 13 19 22 25
conv=0 w1=39 w2=26  z=8.7  K2 16 24 3 12 1 7 9 17 15 10 22 13 14 20 11 23 21 6 8 5 2 4 0 18 25 19
conv=0 w1=40 w2=26  z=9.0  K2 2 14 3 19 6 4 24 22 15 8 12 16 25 13 10 18 0 20 9 17 23 7 21 1 11 5
conv=0 w1=11 w2=27  z=9.4  K2 13 15 4 25 12 8 26 10 6 16 17 20 21 9 7 2 23 1 14 18 22 11 19 3 5 0 24
conv=0 w1=12 w2=27  z=9.4  K2 11 21 1 8 12 16 26 10 7 5 4 0 9 19 15 23 13 17 18 6 24 25 22 3 20 2 14
conv=0 w1=13 w2=27  z=10.0  K2 17 5 18 22 2 16 4 10 21 7 3 20 15 12 11 25 6 26 23 9 1 24 0 14 8 19 13
conv=0 w1=14 w2=27  z=9.9  K2 17 11 16 20 21 0 23 10 4 2 25 14 7 8 5 19 26 3 24 9 15 18 6 1 12 22 13
conv=0 w1=15 w2=27  z=10.1  K2 1 2 14 10 9 15 3 17 7 5 23 8 0 25 16 13 22 12 19 24 18 26 21 6 4 20 11
conv=0 w1=16 w2=27  z=9.1  K2 2 17 23 0 16 13 24 4 22 9 1 15 7 5 10 20 19 18 6 12 3 11 14 26 21 8 25
conv=0 w1=17 w2=27  z=10.0  K2 18 6 12 15 13 4 2 26 9 19 14 23 16 10 7 20 11 25 21 3 1 0 22 24 17 5 8
conv=0 w1=18 w2=27  z=9.5  K2 10 19 17 9 25 18 24 13 20 26 23 22 7 8 14 5 1 4 12 0 3 16 21 15 6 2 11
conv=0 w1=19 w2=27  z=9.7  K2 10 14 16 25 5 18 9 6 21 24 11 2 8 20 7 12 17 23 19 13 26 15 22 0 4 1 3
conv=0 w1=20 w2=27  z=10.2  K2 11 19 14 9 0 3 23 15 26 20 12 25 6 18 21 13 4 8 10 2 24 17 7 22 16 5 1
conv=0 w1=21 w2=27  z=9.0  K2 3 14 26 0 5 17 6 1 16 8 22 2 9 4 10 19 15 25 18 11 24 23 20 13 7 12 21
conv=0 w1=22 w2=27  z=8.8  K2 18 0 5 10 6 20 25 23 8 2 26 7 11 4 12 22 3 1 24 16 9 15 21 19 17 13 14
conv=0 w1=23 w2=27  z=9.7  K2 1 15 8 14 0 10 9 26 16 20 7 21 17 19 18 6 22 3 23 24 5 2 12 11 13 4 25
conv=0 w1=24 w2=27  z=9.5  K2 1 17 12 16 20 6 8 26 14 21 0 23 4 19 13 15 22 25 5 24 9 18 7 11 10 3 2
conv=0 w1=25 w2=27  z=9.5  K2 16 17 19 5 1 12 20 3 15 23 14 24 9 25 10 22 13 11 26 0 2 6 18 4 8 7 21
conv=0 w1=26 w2=27  z=9.6  K2 2 14 26 6 15 12 8 21 22 17 11 23 0 24 3 13 7 20 5 16 10 1 25 9 19 4 18
conv=0 w1=27 w2=27  z=9.7  K2 0 11 3 24 20 23 22 17 8 1 14 4 13 10 2 15 21 19 6 25 12 18 5 9 26 16 7
conv=0 w1=28 w2=27  z=9.4  K2 16 15 5 14 6 3 0 23 13 8 20 24 7 2 22 10 21 17 26 1 19 18 9 11 25 12 4
conv=0 w1=29 w2=27  z=9.2  K2 23 25 0 11 14 15 10 18 1 26 12 17 8 9 6 13 21 7 2 5 22 16 3 4 24 19 20
conv=0 w1=30 w2=27  z=9.9  K2 9 20 1 17 12 7 13 10 23 15 16 26 8 4 6 22 18 14 21 0 3 19 5 11 24 2 25
conv=0 w1=31 w2=27  z=9.6  K2 13 1 14 22 20 5 26 6 9 18 25 19 3 12 21 17 10 11 15 8 24 4 2 23 0 7 16
conv=0 w1=32 w2=27  z=10.7  K2 3 1 22 26 8 12 24 10 25 15 7 13 19 6 17 23 21 14 16 5 18 11 2 9 4 0 20
conv=0 w1=33 w2=27  z=9.4  K2 11 7 4 20 21 14 6 17 9 22 12 16 19 1 15 0 2 13 18 25 3 10 23 24 8 26 5
conv=0 w1=34 w2=27  z=9.3  K2 4 21 0 20 24 25 15 9 14 7 23 10 8 6 13 22 12 18 1 3 16 17 5 11 2 26 19
conv=0 w1=35 w2=27  z=9.1  K2 2 22 17 3 18 9 16 4 1 23 19 21 8 0 7 12 5 15 24 25 26 10 13 11 14 20 6
conv=0 w1=36 w2=27  z=9.3  K2 13 8 5 26 9 19 24 0 10 7 11 18 21 1 3 17 23 22 14 12 20 6 16 15 4 25 2
conv=0 w1=37 w2=27  z=9.0  K2 16 17 12 11 5 22 1 13 20 21 4 0 19 7 10 8 23 25 15 14 18 2 24 26 9 3 6
conv=0 w1=38 w2=27  z=9.4  K2 23 22 0 12 4 17 20 7 18 8 11 16 25 13 10 19 9 26 14 5 15 1 24 2 3 6 21
conv=0 w1=39 w2=27  z=8.8  K2 9 17 10 23 1 12 24 15 4 20 14 19 5 26 2 0 25 7 11 22 16 18 13 21 3 8 6
conv=0 w1=40 w2=27  z=8.9  K2 10 14 6 11 12 18 22 19 23 17 16 9 7 25 13 1 2 0 26 3 20 4 8 24 15 5 21
conv=0 w1=11 w2=28  z=10.0  K2 9 10 16 2 0 24 17 20 21 14 26 4 11 18 27 5 6 8 15 13 22 3 12 1 19 25 7 23
conv=0 w1=12 w2=28  z=9.5  K2 11 26 2 10 17 5 13 25 3 14 27 24 8 15 23 21 19 4 20 1 7 22 0 18 12 16 6 9
conv=0 w1=13 w2=28  z=9.1  K2 17 8 3 13 6 5 2 25 18 14 27 24 26 0 1 12 9 10 16 20 22 15 11 19 4 21 7 23
conv=0 w1=14 w2=28  z=9.4  K2 1 15 20 5 14 9 6 16 21 0 7 2 8 4 13 27 22 18 17 25 23 26 10 24 12 11 3 19
conv=0 w1=15 w2=28  z=9.1  K2 6 20 1 26 15 14 18 27 7 13 5 17 16 9 11 12 21 0 19 2 24 22 3 25 23 8 10 4
conv=0 w1=16 w2=28  z=10.2  K2 22 27 2 7 6 24 0 15 8 25 26 14 23 11 4 19 18 21 20 17 12 13 10 9 5 16 1 3
conv=0 w1=17 w2=28  z=9.2  K2 8 6 3 22 16 25 15 9 4 7 17 10 21 27 24 18 20 12 0 2 26 5 1 14 19 23 13 11
conv=0 w1=18 w2=28  z=9.1  K2 20 0 22 13 14 7 5 24 19 11 9 26 4 21 10 18 1 16 3 25 15 2 17 27 8 6 12 23
conv=0 w1=19 w2=28  z=9.5  K2 3 11 17 18 25 23 9 6 21 15 8 10 1 19 24 7 16 0 2 27 13 4 26 5 12 14 20 22
conv=0 w1=20 w2=28  z=8.9  K2 1 8 19 7 9 27 6 10 21 12 15 17 3 14 16 0 24 23 5 22 13 18 11 25 20 26 4 2
conv=0 w1=21 w2=28  z=9.8  K2 24 15 21 13 0 5 25 16 22 2 14 19 9 6 8 4 11 1 12 7 17 27 18 3 10 26 23 20
conv=0 w1=22 w2=28  z=10.1  K2 23 21 11 13 4 7 24 20 25 10 5 0 8 27 17 2 15 14 12 22 1 16 19 6 3 18 26 9
conv=0 w1=23 w2=28  z=9.2  K2 13 26 10 3 18 11 4 8 1 27 24 15 21 12 6 0 17 9 14 19 5 25 20 22 7 16 23 2
conv=0 w1=24 w2=28  z=9.8  K2 21 19 16 15 26 22 27 18 0 13 7 1 9 5 3 14 24 25 4 12 8 23 11 20 17 6 2 10
conv=0 w1=25 w2=28  z=9.2  K2 9 18 23 26 1 5 21 27 12 13 4 16 15 24 10 8 7 22 20 3 17 0 11 2 14 25 6 19
conv=0 w1=26 w2=28  z=10.4  K2 24 27 12 10 3 16 7 25 5 20 2 4 13 6 21 9 0 17 19 26 14 22 23 15 1 18 8 11
conv=0 w1=27 w2=28  z=9.9  K2 17 20 8 1 25 12 13 2 0 7 24 14 11 6 15 26 18 5 27 22 4 9 16 10 21 19 3 23
conv=0 w1=28 w2=28  z=9.1  K2 8 3 4 12 7 17 27 15 1 5 16 20 22 2 18 21 14 19 11 23 26 24 10 9 0 13 6 25
conv=0 w1=29 w2=28  z=10.4  K2 18 13 14 12 11 5 6 2 1 0 26 17 9 10 25 4 21 3 27 22 7 24 16 8 23 19 15 20
conv=0 w1=30 w2=28  z=9.5  K2 9 1 4 14 23 3 25 16 5 6 8 2 7 15 20 26 27 17 10 21 13 12 0 24 11 22 19 18
conv=0 w1=31 w2=28  z=9.3  K2 1 6 17 3 4 11 2 20 7 22 26 24 5 16 13 14 23 15 0 12 19 21 10 8 9 27 25 18
conv=0 w1=32 w2=28  z=9.4  K2 8 17 27 2 13 3 1 11 18 20 21 22 23 15 26 7 12 6 5 4 14 25 0 19 24 10 16 9
conv=0 w1=33 w2=28  z=9.3  K2 21 2 25 7 22 0 12 3 24 20 17 18 10 6 16 13 5 9 8 4 14 1 11 19 15 26 27 23
conv=0 w1=34 w2=28  z=9.1  K2 6 26 9 14 0 4 18 12 15 8 22 11 17 24 5 27 13 16 25 1 21 7 19 23 20 3 2 10
conv=0 w1=35 w2=28  z=9.5  K2 26 1 0 13 12 6 4 23 5 10 24 25 21 7 20 19 9 15 18 17 14 8 2 11 22 16 27 3
conv=0 w1=36 w2=28  z=9.0  K2 1 24 15 4 6 9 21 13 25 27 10 8 3 0 19 7 20 5 11 12 22 26 14 18 2 17 23 16
conv=0 w1=37 w2=28  z=9.8  K2 24 9 22 10 23 13 6 16 4 8 7 20 2 1 27 3 12 0 21 19 25 5 26 17 11 14 15 18
conv=0 w1=38 w2=28  z=8.9  K2 23 19 20 8 18 2 24 11 0 21 15 25 22 7 27 17 5 4 9 12 13 26 10 14 1 6 3 16
conv=0 w1=39 w2=28  z=9.7  K2 3 1 14 20 19 18 23 8 13 6 16 26 12 0 22 2 4 21 11 17 27 10 24 25 7 15 5 9
conv=0 w1=40 w2=28  z=8.4  K2 20 24 22 26 3 13 25 27 10 5 14 17 21 0 7 8 16 6 15 12 2 23 9 18 19 1 4 11
conv=0 w1=11 w2=29  z=9.8  K2 2 11 8 19 27 21 28 14 1 5 13 7 24 6 22 16 20 4 10 17 3 25 0 26 23 12 15 18 9
conv=0 w1=12 w2=29  z=9.8  K2 10 16 0 28 2 6 23 15 12 9 17 7 20 1 11 3 26 25 13 24 21 27 8 22 14 5 19 4 18
conv=0 w1=13 w2=29  z=9.3  K2 0 10 3 7 24 22 15 26 12 11 28 9 23 5 19 25 1 6 8 16 13 27 2 4 20 14 21 17 18
conv=0 w1=14 w2=29  z=10.0  K2 0 22 21 6 11 9 17 28 26 3 16 13 20 23 5 27 2 19 4 12 14 25 24 7 15 8 1 10 18
conv=0 w1=15 w2=29  z=9.3  K2 1 0 9 22 23 15 24 5 11 8 3 7 16 28 4 13 12 21 26 18 27 6 2 19 10 25 14 17 20
conv=0 w1=16 w2=29  z=10.1  K2 0 22 7 3 14 1 16 15 27 20 13 10 5 11 17 25 6 21 26 19 4 24 12 8 2 18 23 9 28
conv=0 w1=17 w2=29  z=10.4  K2 21 18 20 16 9 28 11 10 23 4 14 1 8 5 13 27 0 26 24 3 15 17 12 7 2 25 6 19 22
conv=0 w1=18 w2=29  z=10.0  K2 23 5 10 7 9 17 19 28 21 0 8 6 1 12 16 22 18 20 24 14 27 3 25 2 26 13 15 11 4
conv=0 w1=19 w2=29  z=10.3  K2 0 5 27 18 19 15 6 25 9 14 2 11 24 23 3 28 12 22 20 26 17 13 21 16 4 8 1 10 7
conv=0 w1=20 w2=29  z=9.6  K2 24 8 1 21 25 23 7 16 18 3 6 12 26 15 5 4 28 10 11 13 9 27 14 2 0 17 22 20 19
conv=0 w1=21 w2=29  z=9.5  K2 13 28 9 6 14 3 21 11 15 1 2 4 10 17 12 26 22 25 27 23 18 5 20 24 8 16 0 7 19
conv=0 w1=22 w2=29  z=9.6  K2 20 6 13 3 18 8 0 16 5 14 4 23 1 10 15 7 2 27 22 24 19 28 12 17 11 9 25 21 26
conv=0 w1=23 w2=29  z=10.2  K2 22 1 21 8 0 23 3 12 24 5 26 17 25 6 11 10 9 28 19 27 4 13 2 20 15 14 18 7 16
conv=0 w1=24 w2=29  z=9.3  K2 0 19 27 25 14 2 20 18 17 13 21 15 4 26 11 5 1 28 9 12 10 22 6 8 7 24 23 3 16
conv=0 w1=25 w2=29  z=10.4  K2 0 17 10 27 1 3 7 19 24 18 20 23 4 28 12 25 5 8 22 9 14 21 15 16 13 26 2 11 6
conv=0 w1=26 w2=29  z=9.6  K2 18 3 14 17 5 6 8 11 7 0 24 15 21 1 4 25 10 19 27 12 20 26 23 22 28 9 13 2 16
conv=0 w1=27 w2=29  z=10.6  K2 26 8 5 22 25 4 18 7 15 17 27 19 24 21 23 16 13 10 28 14 6 11 20 1 12 0 2 9 3
conv=0 w1=28 w2=29  z=9.4  K2 18 13 3 28 19 10 23 6 9 11 17 20 24 22 26 4 8 27 7 12 1 0 25 14 21 15 2 5 16
conv=0 w1=29 w2=29  z=9.5  K2 18 5 23 24 12 15 27 22 7 13 4 21 11 20 0 6 14 16 8 26 25 19 10 3 2 28 9 17 1
conv=0 w1=30 w2=29  z=9.7  K2 1 24 5 19 12 2 23 28 16 9 13 27 11 8 6 20 17 3 10 21 18 15 22 7 4 26 25 14 0
conv=0 w1=31 w2=29  z=9.5  K2 0 5 17 13 23 11 20 18 19 22 7 16 27 9 4 10 21 14 25 15 12 6 24 28 1 2 26 3 8
conv=0 w1=32 w2=29  z=9.3  K2 20 5 10 4 6 7 22 12 24 11 13 19 25 2 14 15 1 0 17 21 28 3 23 26 8 18 9 27 16
conv=0 w1=33 w2=29  z=9.6  K2 0 16 18 9 26 10 24 8 7 22 20 3 17 5 6 4 27 19 25 21 12 23 13 15 28 14 2 1 11
conv=0 w1=34 w2=29  z=10.2  K2 1 15 24 26 28 2 17 16 7 13 12 27 18 5 3 22 14 8 21 0 23 4 19 20 11 6 25 9 10
conv=0 w1=35 w2=29  z=9.4  K2 2 24 13 7 27 11 23 25 16 18 1 8 4 20 15 6 5 26 9 3 10 19 0 12 22 14 21 28 17
conv=0 w1=36 w2=29  z=10.0  K2 19 25 27 0 2 20 1 17 24 14 4 9 13 23 12 28 15 16 5 22 21 6 3 10 8 18 11 7 26
conv=0 w1=37 w2=29  z=9.1  K2 6 14 5 17 11 25 1 13 16 10 22 21 23 2 3 12 20 28 4 26 24 19 15 0 9 8 27 18 7
conv=0 w1=38 w2=29  z=9.9  K2 1 7 2 3 19 15 12 14 22 16 9 4 8 21 5 10 11 23 13 20 24 18 26 27 17 0 25 28 6
conv=0 w1=39 w2=29  z=9.8  K2 0 11 8 10 6 12 4 22 27 18 3 23 7 5 15 16 1 9 20 17 25 19 13 28 2 14 26 24 21
conv=0 w1=40 w2=29  z=9.1  K2 26 16 4 22 8 18 13 24 23 5 21 27 20 7 3 9 12 14 17 2 19 0 15 28 6 25 1 11 10
conv=0 w1=11 w2=30  z=9.3  K2 18 21 22 5 27 14 19 8 0 20 29 7 25 26 16 12 4 3 11 28 2 13 23 17 24 15 9 6 10 1
conv=0 w1=12 w2=30  z=10.2  K2 15 7 21 24 18 8 10 27 1 26 14 13 2 17 19 6 3 5 16 11 9 23 12 29 0 22 4 20 28 25
conv=0 w1=13 w2=30  z=10.8  K2 17 29 0 4 13 12 20 23 9 2 18 14 6 5 28 24 22 8 10 3 11 1 15 27 7 26 21 19 16 25
conv=0 w1=14 w2=30  z=9.4  K2 17 2 10 29 20 1 5 27 16 8 12 13 3 11 18 4 23 26 9 24 25 15 22 28 21 0 6 14 19 7
conv=0 w1=15 w2=30  z=9.8  K2 6 12 18 8 27 0 16 22 28 26 4 9 20 14 29 11 24 17 25 13 15 1 2 21 7 3 23 10 19 5
conv=0 w1=16 w2=30  z=9.7  K2 0 7 14 16 8 26 29 1 27 4 22 9 2 21 10 23 17 20 3 25 6 28 15 5 12 13 11 19 18 24
conv=0 w1=17 w2=30  z=10.1  K2 9 18 6 1 3 25 2 27 22 0 16 28 24 26 8 10 11 5 29 14 13 7 19 4 15 12 17 23 20 21
conv=0 w1=18 w2=30  z=9.7  K2 19 6 23 12 21 24 1 5 25 2 11 8 20 7 15 9 29 10 3 18 14 16 28 22 0 17 4 13 26 27
conv=0 w1=19 w2=30  z=9.7  K2 18 12 29 21 7 11 9 15 28 13 24 5 4 6 2 0 20 27 8 25 10 19 17 22 14 23 3 26 16 1
conv=0 w1=20 w2=30  z=10.6  K2 29 24 27 19 1 12 15 23 25 10 13 17 6 8 20 3 18 16 5 0 21 22 28 7 2 14 11 26 4 9
conv=0 w1=21 w2=30  z=9.8  K2 4 18 3 29 17 9 24 8 2 23 11 1 15 13 16 0 14 5 27 7 26 22 28 6 20 21 10 19 12 25
conv=0 w1=22 w2=30  z=10.1  K2 25 29 18 9 24 23 28 13 8 6 15 5 22 14 7 27 17 20 26 11 21 19 10 0 3 2 4 12 1 16
conv=0 w1=23 w2=30  z=9.7  K2 14 13 28 8 11 16 15 3 5 2 4 26 7 22 20 27 0 9 29 21 10 25 19 17 12 23 18 6 1 24
conv=0 w1=24 w2=30  z=9.4  K2 22 4 14 27 8 11 26 15 9 20 3 24 12 17 2 6 7 0 23 19 21 18 25 29 28 10 13 16 5 1
conv=0 w1=25 w2=30  z=9.9  K2 7 16 12 6 11 29 8 17 4 27 20 19 22 25 15 21 10 1 18 23 9 26 24 2 28 3 5 0 13 14
conv=0 w1=26 w2=30  z=9.4  K2 0 21 19 12 9 4 2 17 13 22 25 28 18 14 29 23 3 27 20 8 15 1 24 6 10 7 26 11 5 16
conv=0 w1=27 w2=30  z=10.6  K2 22 6 14 7 26 5 29 19 8 20 15 28 24 11 23 13 16 12 2 25 17 4 3 18 9 21 27 0 1 10
conv=0 w1=28 w2=30  z=10.6  K2 0 25 22 2 28 5 11 21 17 24 1 4 13 15 14 7 18 19 6 10 26 29 3 20 27 9 23 12 8 16
conv=0 w1=29 w2=30  z=9.7  K2 2 0 5 14 25 18 21 16 20 24 23 6 4 9 29 3 17 19 26 15 1 27 7 12 22 28 8 13 11 10
conv=0 w1=30 w2=30  z=11.0  K2 28 17 0 7 26 3 1 12 27 5 14 22 9 24 4 19 23 11 29 15 21 6 18 20 10 13 8 2 25 16
conv=0 w1=31 w2=30  z=9.8  K2 26 14 19 3 22 11 21 25 2 29 28 8 0 20 1 17 13 23 10 12 18 9 5 4 27 6 24 16 15 7
conv=0 w1=32 w2=30  z=9.5  K2 14 23 8 21 5 18 19 20 2 27 9 6 15 12 16 26 4 24 25 29 0 7 1 22 13 28 17 3 10 11
conv=0 w1=33 w2=30  z=9.2  K2 14 17 2 19 18 0 8 27 26 29 28 5 3 15 11 23 13 12 10 22 16 1 21 20 6 24 4 7 25 9
conv=0 w1=34 w2=30  z=10.1  K2 9 16 21 19 0 1 4 5 13 20 3 15 29 8 14 6 7 18 23 25 2 12 17 27 28 10 24 11 26 22
conv=0 w1=35 w2=30  z=9.8  K2 1 21 3 9 22 20 28 25 26 17 8 2 29 24 14 0 13 6 15 27 10 23 19 4 7 5 18 11 16 12
conv=0 w1=36 w2=30  z=10.5  K2 14 3 29 12 6 11 27 21 1 18 9 28 16 15 8 22 2 23 26 10 4 19 20 24 17 0 25 7 5 13
conv=0 w1=37 w2=30  z=9.8  K2 14 29 13 21 18 23 0 26 19 20 17 28 1 15 11 9 5 2 4 7 22 12 10 24 27 6 8 3 25 16
conv=0 w1=38 w2=30  z=9.4  K2 26 10 11 8 4 23 16 5 25 19 14 9 13 2 28 29 15 27 3 20 18 12 0 22 6 17 7 1 24 21
conv=0 w1=39 w2=30  z=9.2  K2 19 6 20 26 16 17 8 0 4 3 13 18 23 12 5 21 22 27 11 28 14 15 24 2 1 7 25 29 10 9
conv=0 w1=40 w2=30  z=9.3  K2 1 22 24 8 29 23 3 6 13 26 5 16 0 10 4 19 9 7 15 2 28 21 12 18 14 20 11 27 17 25
conv=0 w1=11 w2=31  z=10.3  K2 30 6 16 17 13 9 23 0 20 15 29 12 24 14 26 21 1 18 5 22 10 11 7 28 19 27 4 2 3 8 25
conv=0 w1=12 w2=31  z=10.2  K2 3 22 18 6 19 12 9 16 1 26 10 8 21 17 14 23 25 15 5 13 24 4 11 0 28 30 20 27 7 2 29
conv=0 w1=13 w2=31  z=10.9  K2 12 17 23 6 24 9 30 21 5 19 1 4 2 26 29 14 13 8 25 22 11 3 28 15 0 7 20 27 10 16 18
conv=0 w1=14 w2=31  z=10.2  K2 12 5 18 26 14 25 17 0 10 4 16 11 23 3 9 7 19 24 30 29 22 28 13 8 27 2 6 20 21 15 1
conv=0 w1=15 w2=31  z=9.7  K2 15 8 22 23 27 20 16 19 2 10 0 29 28 1 30 21 13 3 11 6 5 17 25 18 14 9 24 4 26 7 12
conv=0 w1=16 w2=31  z=9.6  K2 7 16 23 12 0 1 15 28 24 14 17 8 29 11 19 26 2 5 22 27 10 13 4 18 9 25 20 30 3 6 21
conv=0 w1=17 w2=31  z=10.9  K2 16 6 21 23 13 4 20 27 0 15 2 18 3 17 22 8 7 14 1 10 30 29 19 26 5 9 24 25 11 28 12
conv=0 w1=18 w2=31  z=10.8  K2 22 2 14 3 13 26 30 21 1 29 17 28 16 6 19 5 8 4 10 27 9 23 18 7 15 24 11 12 25 20 0
conv=0 w1=19 w2=31  z=10.2  K2 24 15 18 8 11 16 29 12 22 6 4 21 20 25 1 5 10 3 23 9 26 17 2 14 28 30 13 7 0 19 27
conv=0 w1=20 w2=31  z=10.1  K2 6 8 12 7 25 2 29 14 22 20 1 9 26 30 19 27 23 13 10 3 4 21 28 5 16 18 0 15 17 11 24
conv=0 w1=21 w2=31  z=10.4  K2 21 27 15 26 30 23 14 2 3 12 17 20 18 13 6 29 25 28 24 22 11 9 4 8 10 5 19 1 0 7 16
conv=0 w1=22 w2=31  z=10.7  K2 8 22 3 14 18 23 26 2 27 17 21 4 28 0 10 29 9 12 5 19 6 25 20 13 30 7 1 15 11 24 16
conv=0 w1=23 w2=31  z=10.5  K2 1 23 22 9 6 27 21 14 18 7 11 3 30 0 25 5 28 24 12 20 15 19 8 10 4 2 26 29 17 13 16
conv=0 w1=24 w2=31  z=10.2  K2 0 5 19 15 3 28 16 24 23 20 11 4 26 2 21 8 29 18 7 25 9 14 17 6 30 27 1 10 22 13 12
conv=0 w1=25 w2=31  z=9.7  K2 26 13 19 11 4 24 9 18 25 17 0 3 27 30 8 20 23 28 7 12 21 16 2 10 1 14 6 5 29 22 15
conv=0 w1=26 w2=31  z=9.4  K2 6 12 28 20 23 19 0 16 27 5 9 15 10 22 11 18 24 14 3 1 25 13 8 30 21 26 4 7 17 29 2
conv=0 w1=27 w2=31  z=10.9  K2 7 28 11 10 4 12 25 15 3 18 17 24 9 29 26 16 20 14 5 6 13 27 30 23 21 1 22 0 8 2 19
conv=0 w1=28 w2=31  z=10.0  K2 26 10 28 11 27 22 20 21 9 19 17 5 30 8 12 23 0 6 3 14 13 15 16 4 25 1 29 18 2 24 7
conv=0 w1=29 w2=31  z=10.3  K2 20 3 30 19 6 14 29 10 21 13 17 12 7 28 23 15 24 8 2 16 27 25 5 4 18 26 11 22 1 0 9
conv=0 w1=30 w2=31  z=8.7  K2 2 1 25 0 10 3 28 18 22 4 13 8 5 6 29 16 20 15 11 21 24 30 23 27 12 14 26 17 9 7 19
conv=0 w1=31 w2=31  z=9.7  K2 24 26 22 18 10 19 3 12 8 27 5 29 25 2 1 21 14 7 17 20 0 4 13 11 30 15 6 23 28 9 16
conv=0 w1=32 w2=31  z=9.6  K2 12 25 9 4 16 3 1 22 8 0 7 18 2 6 15 19 17 13 5 30 11 20 28 10 26 24 29 27 14 21 23
conv=0 w1=33 w2=31  z=10.0  K2 17 24 26 30 11 21 1 13 4 5 29 10 20 16 9 27 25 23 19 6 14 18 8 3 15 28 2 22 0 7 12
conv=0 w1=34 w2=31  z=9.5  K2 7 4 20 16 21 11 8 23 19 26 0 30 14 29 9 3 25 12 17 27 6 2 18 22 5 15 10 1 28 24 13
conv=0 w1=35 w2=31  z=9.1  K2 15 1 11 20 27 30 6 3 22 10 23 0 5 16 28 29 24 2 4 25 26 21 19 8 7 17 9 18 14 12 13
conv=0 w1=36 w2=31  z=10.2  K2 7 28 14 18 9 22 25 13 20 15 30 0 3 10 6 17 11 26 8 2 29 19 1 4 5 16 21 23 24 12 27
conv=0 w1=37 w2=31  z=9.3  K2 18 22 21 30 1 20 11 8 25 3 0 27 9 19 15 26 13 2 4 7 10 14 24 17 23 5 29 28 16 12 6
conv=0 w1=38 w2=31  z=9.8  K2 28 22 1 5 3 8 6 11 19 12 20 25 27 16 24 21 13 30 18 15 7 23 10 26 4 29 9 17 2 0 14
conv=0 w1=39 w2=31  z=9.2  K2 13 0 6 3 17 19 18 15 8 30 23 28 24 12 10 5 4 11 21 9 29 26 1 7 27 25 14 16 20 2 22
conv=0 w1=40 w2=31  z=9.3  K2 27 26 15 6 5 11 19 13 18 10 0 28 7 1 25 17 21 29 4 8 14 23 22 24 16 9 20 3 30 12 2
conv=0 w1=11 w2=32  z=10.8  K2 20 8 15 25 7 13 26 27 19 5 1 18 3 21 28 29 12 10 30 2 4 6 0 23 17 24 11 22 16 31 9 14
conv=0 w1=12 w2=32  z=10.4  K2 16 15 2 8 24 13 19 21 27 3 29 26 11 4 25 22 6 9 12 28 7 5 31 1 14 23 10 0 17 20 18 30
conv=0 w1=13 w2=32  z=11.0  K2 14 22 8 26 16 24 19 21 3 9 1 25 18 6 15 13 10 5 4 29 7 20 28 27 2 17 23 11 0 30 12 31
conv=0 w1=14 w2=32  z=9.9  K2 5 12 17 6 0 1 24 20 30 22 25 8 28 14 9 19 26 27 11 4 13 15 16 7 21 10 29 2 18 3 23 31
conv=0 w1=15 w2=32  z=10.6  K2 5 4 18 3 6 16 9 20 11 22 29 28 12 23 7 17 19 25 26 15 1 10 13 27 30 8 24 0 21 14 2 31
conv=0 w1=16 w2=32  z=10.0  K2 29 3 2 24 19 25 15 8 16 7 13 9 0 26 23 14 5 22 12 11 30 20 21 10 28 27 4 18 6 1 31 17
conv=0 w1=17 w2=32  z=11.4  K2 28 14 20 5 29 2 30 0 16 11 15 26 17 8 19 4 21 9 22 23 31 1 27 13 18 7 24 10 12 6 25 3
conv=0 w1=18 w2=32  z=10.1  K2 19 21 22 9 20 15 2 31 4 8 3 16 23 14 1 24 5 10 26 29 11 12 17 0 6 30 13 27 25 18 7 28
conv=0 w1=19 w2=32  z=11.3  K2 16 17 25 13 7 9 2 19 27 29 3 30 26 4 11 23 22 18 1 20 12 14 24 10 0 28 31 5 8 15 21 6
conv=0 w1=20 w2=32  z=10.9  K2 31 17 12 14 20 6 24 29 7 18 2 27 8 9 15 30 22 11 13 10 4 28 25 19 21 5 26 0 1 3 16 23
conv=0 w1=21 w2=32  z=11.3  K2 2 22 14 29 17 0 18 13 5 19 20 1 6 3 8 7 16 11 23 26 4 27 21 15 28 12 30 31 9 25 10 24
conv=0 w1=22 w2=32  z=10.8  K2 5 22 28 8 2 10 13 6 14 17 20 24 0 7 9 29 25 16 23 3 26 11 19 15 30 31 1 4 12 27 18 21
conv=0 w1=23 w2=32  z=10.8  K2 1 7 27 11 30 15 20 13 14 16 26 2 25 12 19 28 29 6 21 4 31 3 0 10 18 8 5 23 22 9 17 24
conv=0 w1=24 w2=32  z=11.0  K2 9 0 24 1 11 26 31 21 8 20 25 6 15 16 2 19 3 27 13 18 4 5 10 30 7 14 28 29 17 12 22 23
conv=0 w1=25 w2=32  z=10.7  K2 15 27 17 3 16 25 8 29 26 23 22 30 5 10 20 11 13 14 28 0 24 21 4 7 18 2 9 12 6 1 19 31
conv=0 w1=26 w2=32  z=10.7  K2 28 20 12 4 7 6 14 2 8 23 22 24 18 15 21 0 25 27 5 31 19 16 30 29 26 1 9 13 11 3 10 17
conv=0 w1=27 w2=32  z=10.5  K2 5 18 19 24 16 6 27 20 3 22 26 21 10 9 17 23 29 0 1 30 13 7 8 15 28 31 12 4 25 2 14 11
conv=0 w1=28 w2=32  z=10.1  K2 7 5 0 19 1 24 23 3 2 4 14 17 6 9 29 27 8 10 11 28 18 30 20 22 12 25 13 16 26 15 21 31
conv=0 w1=29 w2=32  z=11.1  K2 13 23 16 17 11 22 6 12 31 8 19 24 26 9 28 18 29 21 25 27 4 14 5 2 7 0 3 15 30 20 10 1
conv=0 w1=30 w2=32  z=11.0  K2 1 29 30 28 10 25 11 23 13 21 6 15 24 9 18 20 17 27 12 0 19 2 22 4 5 16 14 26 3 7 8 31
conv=0 w1=31 w2=32  z=10.6  K2 8 29 3 9 27 7 4 16 12 0 18 31 19 15 11 2 23 26 1 13 10 6 28 21 24 20 30 25 14 22 17 5
conv=0 w1=32 w2=32  z=9.9  K2 28 3 19 18 12 11 1 15 5 2 14 31 24 0 21 30 10 25 4 22 13 9 27 17 6 20 23 8 7 26 29 16
conv=0 w1=33 w2=32  z=10.1  K2 30 12 22 14 5 9 4 17 21 3 15 7 20 13 6 1 19 8 26 28 25 10 29 16 11 2 24 18 23 27 0 31
conv=0 w1=34 w2=32  z=9.4  K2 13 3 6 8 10 9 28 23 19 26 16 15 24 1 18 2 27 7 30 21 20 14 29 31 12 17 11 4 22 5 25 0
conv=0 w1=35 w2=32  z=10.2  K2 17 20 21 10 7 30 13 18 11 5 8 31 15 6 1 26 29 12 3 23 16 14 0 28 24 27 19 22 25 4 2 9
conv=0 w1=36 w2=32  z=10.4  K2 28 18 11 4 2 8 30 19 0 12 27 26 13 23 29 14 16 25 15 24 17 10 22 9 21 3 7 1 20 31 5 6
conv=0 w1=37 w2=32  z=10.6  K2 20 1 5 14 8 29 22 15 4 3 18 25 7 10 28 24 23 2 16 31 0 30 11 13 12 27 19 21 9 17 26 6
conv=0 w1=38 w2=32  z=9.9  K2 12 9 31 16 28 10 19 0 25 23 14 22 24 6 5 17 15 4 2 27 11 29 26 3 18 30 1 13 20 7 8 21
conv=0 w1=39 w2=32  z=9.7  K2 2 3 0 10 6 23 18 4 1 31 27 24 8 12 22 11 30 13 14 28 20 29 26 15 21 9 7 19 25 17 5 16
conv=0 w1=40 w2=32  z=10.8  K2 30 18 1 29 2 6 10 17 12 3 19 28 20 4 8 27 7 26 14 15 16 22 21 5 24 0 9 23 31 13 11 25
conv=0 w1=11 w2=33  z=10.0  K2 14 22 26 19 30 20 24 13 28 4 29 5 9 3 12 2 1 11 8 17 18 6 25 21 16 7 10 27 23 15 32 31 0
conv=0 w1=12 w2=33  z=11.0  K2 17 8 4 2 14 1 11 13 27 15 9 22 32 3 5 19 30 7 6 25 26 12 29 23 28 0 16 31 20 18 24 10 21
conv=0 w1=13 w2=33  z=10.7  K2 4 0 17 15 13 9 29 10 7 19 18 28 6 20 30 1 25 12 11 2 23 21 14 31 32 26 24 22 16 3 8 5 27
conv=0 w1=14 w2=33  z=11.8  K2 24 13 22 5 23 17 31 1 27 8 14 18 30 4 26 29 2 9 15 16 10 0 32 19 11 3 7 6 28 21 25 20 12
conv=0 w1=15 w2=33  z=11.0  K2 6 9 12 1 18 3 23 28 22 20 17 30 10 15 8 31 32 2 5 27 24 13 16 11 26 7 14 0 25 29 4 21 19
conv=0 w1=16 w2=33  z=10.9  K2 17 10 30 0 14 31 21 5 19 32 6 8 4 25 9 13 22 16 12 3 15 11 2 27 29 20 23 26 7 28 24 1 18
conv=0 w1=17 w2=33  z=10.2  K2 32 9 23 31 19 22 1 8 24 17 3 10 7 2 14 29 21 5 12 26 6 27 18 11 28 15 30 16 20 0 13 4 25
conv=0 w1=18 w2=33  z=10.8  K2 21 5 20 9 16 12 8 6 31 24 32 1 4 26 28 11 23 10 22 7 15 18 14 13 25 2 30 27 19 3 29 17 0
conv=0 w1=19 w2=33  z=11.5  K2 17 20 15 7 25 23 10 24 26 21 1 8 14 0 2 16 30 29 11 5 27 4 6 32 31 18 13 22 9 3 12 28 19
conv=0 w1=20 w2=33  z=10.1  K2 5 7 22 2 27 9 6 8 19 10 23 29 32 30 14 28 12 31 17 26 18 3 20 24 4 0 16 11 25 13 21 1 15
conv=0 w1=21 w2=33  z=10.3  K2 19 3 21 32 0 20 9 18 14 7 6 29 17 31 11 27 28 23 1 10 25 22 13 26 24 16 5 4 12 15 2 30 8
conv=0 w1=22 w2=33  z=10.3  K2 10 5 22 9 1 31 32 14 30 26 16 3 21 4 13 8 24 12 15 28 27 19 0 2 20 17 18 6 29 25 11 7 23
conv=0 w1=23 w2=33  z=11.4  K2 3 10 24 27 18 9 8 15 12 1 26 16 6 0 17 5 2 28 19 31 32 11 25 7 23 22 13 21 14 4 30 20 29
conv=0 w1=24 w2=33  z=10.4  K2 0 16 27 21 1 8 26 10 29 18 23 12 31 32 11 20 15 3 22 6 2 24 5 30 25 4 17 13 9 14 28 7 19
conv=0 w1=25 w2=33  z=10.5  K2 23 12 7 11 31 22 29 10 1 15 18 5 20 14 0 25 2 8 3 27 17 26 16 21 4 32 28 24 9 6 30 19 13
conv=0 w1=26 w2=33  z=10.8  K2 0 22 28 17 23 21 18 31 26 29 32 12 4 7 10 25 20 13 27 1 11 3 30 9 19 5 2 16 6 24 14 15 8
conv=0 w1=27 w2=33  z=10.9  K2 7 18 1 26 15 16 9 13 20 24 6 31 23 4 10 19 5 12 22 8 17 0 30 11 27 3 21 29 32 25 2 28 14
conv=0 w1=28 w2=33  z=10.2  K2 0 12 16 27 30 1 6 5 20 14 7 25 29 11 10 32 28 3 21 8 31 23 15 2 13 4 17 24 26 9 22 18 19
conv=0 w1=29 w2=33  z=10.1  K2 13 1 2 26 28 19 9 14 29 22 12 31 21 17 5 8 23 30 15 25 11 0 10 6 24 32 4 3 20 7 18 27 16
conv=0 w1=30 w2=33  z=10.6  K2 17 6 29 1 5 13 23 32 28 3 4 24 26 15 22 7 11 30 0 20 18 25 2 27 14 8 9 10 16 21 31 19 12
conv=0 w1=31 w2=33  z=10.0  K2 4 15 13 7 27 19 21 5 22 26 16 3 31 10 0 23 18 28 17 1 20 11 25 2 32 8 24 29 14 12 30 9 6
conv=0 w1=32 w2=33  z=10.6  K2 31 22 7 26 17 19 15 18 25 27 20 32 1 5 28 6 14 11 0 29 24 2 23 12 21 3 9 30 10 16 13 4 8
conv=0 w1=33 w2=33  z=10.6  K2 2 14 30 11 3 15 10 16 22 28 24 25 0 7 8 17 20 26 12 5 29 27 4 23 21 18 32 19 1 6 31 13 9
conv=0 w1=34 w2=33  z=9.5  K2 13 26 21 32 15 19 12 11 30 7 14 1 0 3 6 31 28 27 5 24 22 2 20 25 17 29 10 4 23 9 8 18 16
conv=0 w1=35 w2=33  z=9.8  K2 19 24 0 18 2 23 21 3 5 15 30 25 13 7 22 32 14 6 27 12 28 26 29 9 20 11 1 31 8 16 4 10 17
conv=0 w1=36 w2=33  z=9.6  K2 28 4 21 26 5 8 0 12 6 2 22 9 18 23 32 25 14 11 29 31 17 13 3 1 15 7 30 16 19 24 27 20 10
conv=0 w1=37 w2=33  z=9.8  K2 21 4 12 24 25 26 32 27 1 19 0 28 2 9 30 5 14 8 13 3 16 29 6 17 7 10 15 18 31 22 11 20 23
conv=0 w1=38 w2=33  z=9.8  K2 22 0 19 2 8 15 14 7 4 17 23 26 29 21 3 28 20 18 5 13 27 32 9 31 10 1 25 12 6 11 30 24 16
conv=0 w1=39 w2=33  z=10.4  K2 9 25 1 13 29 10 30 2 23 21 3 15 20 16 6 0 32 19 28 8 11 24 27 4 22 12 31 5 17 7 26 14 18
conv=0 w1=40 w2=33  z=10.1  K2 8 2 5 29 22 25 27 23 13 1 15 21 6 17 9 24 31 3 32 0 30 28 26 14 4 7 12 18 16 10 11 19 20
conv=0 w1=11 w2=34  z=11.3  K2 33 1 28 2 4 18 8 30 15 5 29 0 12 6 25 16 3 14 27 10 19 32 24 23 11 20 17 21 13 31 22 9 26 7
conv=0 w1=12 w2=34  z=10.0  K2 8 28 33 4 2 20 32 29 11 16 5 26 1 14 21 25 12 23 0 13 10 7 6 19 22 24 30 18 3 31 17 27 9 15
conv=0 w1=13 w2=34  z=10.3  K2 8 7 10 27 31 17 24 30 14 3 2 23 11 12 9 22 21 28 18 32 25 26 4 1 15 6 16 5 13 0 29 20 19 33
conv=0 w1=14 w2=34  z=11.1  K2 15 18 10 4 22 29 27 8 16 23 5 11 7 17 26 24 19 25 9 3 1 20 12 28 6 33 0 30 31 13 21 14 32 2
conv=0 w1=15 w2=34  z=10.8  K2 13 14 3 11 28 21 16 18 9 12 8 0 32 25 22 27 24 5 19 2 6 31 26 23 20 15 30 17 10 4 33 29 1 7
conv=0 w1=16 w2=34  z=10.0  K2 10 0 14 11 30 32 16 3 17 19 22 2 12 27 25 6 21 13 4 26 9 18 5 31 33 15 28 20 1 29 23 8 24 7
conv=0 w1=17 w2=34  z=9.9  K2 22 13 0 29 1 10 17 4 6 18 31 9 25 30 19 15 23 16 27 20 21 7 5 33 28 32 12 8 26 2 14 3 24 11
conv=0 w1=18 w2=34  z=10.5  K2 13 18 9 19 11 1 30 2 3 28 32 16 15 17 6 25 23 26 22 4 7 21 31 12 20 10 24 29 5 8 0 14 33 27
conv=0 w1=19 w2=34  z=10.7  K2 28 27 14 3 30 9 17 29 32 12 8 21 15 5 6 24 10 16 22 25 11 31 26 23 18 20 0 2 33 7 13 19 1 4
conv=0 w1=20 w2=34  z=10.3  K2 0 26 3 2 6 11 9 13 1 25 7 5 33 28 10 30 4 24 15 31 27 21 14 29 8 22 20 19 32 17 23 18 12 16
conv=0 w1=21 w2=34  z=10.8  K2 3 14 4 12 2 31 27 26 5 28 19 1 29 6 0 25 20 9 21 32 22 15 33 23 24 16 17 8 30 13 11 18 7 10
conv=0 w1=22 w2=34  z=10.4  K2 16 32 31 22 24 0 1 28 33 14 10 8 11 5 15 3 7 21 6 2 13 29 12 25 20 17 27 4 26 23 19 30 18 9
conv=0 w1=23 w2=34  z=10.8  K2 27 22 16 13 1 14 30 2 9 10 26 0 4 24 25 8 5 19 32 31 3 18 23 12 6 11 20 15 17 28 21 29 33 7
conv=0 w1=24 w2=34  z=11.3  K2 5 17 18 30 31 21 29 23 10 20 33 19 15 8 6 3 7 32 14 28 12 22 2 9 1 26 13 4 0 25 16 11 27 24
conv=0 w1=25 w2=34  z=10.4  K2 13 27 14 25 15 6 26 3 32 29 11 16 24 20 10 28 30 9 4 7 5 23 0 21 1 18 17 22 2 19 8 33 31 12
conv=0 w1=26 w2=34  z=10.2  K2 33 0 23 27 1 2 8 25 9 26 31 13 11 32 14 12 30 20 22 10 29 5 4 6 7 24 16 19 3 28 15 17 21 18
conv=0 w1=27 w2=34  z=10.2  K2 24 31 22 14 15 18 25 19 1 9 0 7 32 17 28 8 3 6 23 12 27 10 20 26 11 5 16 33 21 30 29 2 13 4
conv=0 w1=28 w2=34  z=10.7  K2 3 33 31 26 10 15 32 6 28 5 12 14 4 9 1 17 29 0 24 18 23 27 21 19 16 30 8 22 7 20 11 13 25 2
conv=0 w1=29 w2=34  z=11.3  K2 3 25 7 13 20 5 4 1 32 11 14 22 27 8 10 9 28 19 15 31 2 26 21 18 12 24 30 23 6 29 16 0 17 33
conv=0 w1=30 w2=34  z=10.5  K2 0 32 3 1 10 14 13 22 29 31 23 33 8 11 16 7 12 26 20 28 4 24 17 27 18 5 6 21 19 25 30 2 15 9
conv=0 w1=31 w2=34  z=10.5  K2 27 19 4 17 1 14 22 10 21 5 15 6 23 0 24 32 33 25 28 2 9 16 30 31 29 8 20 12 18 26 13 11 3 7
conv=0 w1=32 w2=34  z=12.0  K2 9 0 22 25 14 33 23 16 5 15 11 28 2 18 6 26 4 24 17 20 1 13 21 27 10 8 19 30 32 12 31 29 3 7
   K1 quadrigrammes -13.126
   T1 tfsnaoogoskppezdiambtadesiciplpomalpmcoaepetitunsnauoecdonfecoadenddssdorciscirmdoucarbaptiitsacicooenteraeelldolgoagocisimracarapblifuiaitenosetenlldsalogreoeotiohtdhsorartccehmaviimerppdaberondenaeasriunnnabirnoeismmnturanenslreatromeonopiapenciotenirramemombinapeocanturnbspnbioescepacobgoropplsosgtritepeneapovorcoptamianocafessanaonndeoehanadositctosouienomleisozncunaenreukicoepirarnxorxtelonansogrenohverlctlmaomicaustenzochmumostpeenondronedeprpuedaguppetraesemaopaapieataesenqupiosroadcjtsltecococetnnebrinncioqmxeernayltrprademetroloydexnsszerohaltoelmobumietonanexpasidjbsohegarifrdoespestepsisndipinpaxt
   T2 uesfcenentivetefedzeugpaneriatoabmitironplotanlaamoninforoassusonrinhuirlferedetucoaflavanceesredjgraersentagfuefuscirassiomalaoandeasaparttriaiannrgradopcamebr
conv=0 w1=33 w2=34  z=9.5  K2 19 33 2 7 6 24 29 0 16 13 10 30 12 23 14 11 3 9 4 17 25 5 22 31 28 26 1 32 21 8 20 27 15 18
conv=0 w1=34 w2=34  z=10.5  K2 5 9 0 21 14 26 13 12 23 27 31 19 29 33 10 2 18 1 11 22 30 15 24 28 20 8 17 4 32 7 16 25 3 6
conv=0 w1=35 w2=34  z=9.7  K2 1 3 10 12 7 32 19 0 29 28 26 5 2 9 17 8 4 14 31 15 20 23 21 16 18 13 6 25 30 33 24 22 27 11
conv=0 w1=36 w2=34  z=10.2  K2 26 32 33 27 15 19 29 23 2 16 11 30 1 3 8 28 13 5 24 0 4 14 10 7 17 31 25 12 18 20 9 21 22 6
conv=0 w1=37 w2=34  z=10.7  K2 13 14 4 9 24 17 10 19 12 30 32 6 0 5 7 21 3 2 28 25 26 11 8 31 1 23 18 15 20 27 29 16 33 22
conv=0 w1=38 w2=34  z=9.9  K2 4 7 16 5 3 10 28 29 13 25 23 22 0 27 26 9 15 14 20 33 31 17 2 21 32 24 18 8 12 6 1 30 19 11
conv=0 w1=39 w2=34  z=11.3  K2 29 10 16 23 1 20 19 9 22 21 15 8 33 3 17 30 18 12 27 32 2 25 6 26 14 31 0 4 24 7 13 5 11 28
conv=0 w1=40 w2=34  z=10.0  K2 4 15 25 3 20 17 21 31 2 30 13 23 29 19 12 8 24 1 7 28 0 33 6 14 27 10 16 32 26 5 22 18 11 9
conv=0 w1=11 w2=35  z=10.6  K2 10 5 9 2 19 29 30 16 1 31 33 23 12 26 18 25 21 20 17 0 28 32 4 8 34 27 15 13 22 14 7 6 24 3 11
conv=0 w1=12 w2=35  z=11.2  K2 32 3 16 12 28 15 7 23 21 4 6 18 22 34 5 27 31 8 26 11 2 33 19 24 20 25 10 14 30 17 1 0 29 9 13
conv=0 w1=13 w2=35  z=11.8  K2 31 15 6 10 14 4 22 32 30 18 28 21 17 23 20 34 1 7 8 12 24 16 3 29 27 25 13 2 9 11 26 0 5 19 33
conv=0 w1=14 w2=35  z=10.5  K2 8 15 31 21 12 29 0 10 19 30 24 33 9 28 27 17 6 5 18 14 22 4 23 34 2 3 13 16 11 26 7 1 32 25 20
conv=0 w1=15 w2=35  z=11.0  K2 0 26 28 4 24 5 14 12 22 32 27 10 30 11 21 17 29 2 1 13 8 33 25 6 18 19 20 31 16 15 9 7 34 3 23
conv=0 w1=16 w2=35  z=10.9  K2 28 13 6 22 27 31 33 2 19 7 23 25 26 20 1 18 10 8 29 4 15 34 24 9 0 30 16 11 12 3 32 5 21 17 14
conv=0 w1=17 w2=35  z=12.1  K2 17 7 34 29 22 3 20 5 8 9 19 12 0 1 26 16 21 2 28 25 6 32 11 13 31 15 14 4 33 23 18 10 27 24 30
   K1 quadrigrammes -13.374
   T1 boaeeneeesnpiortehobaatbesesecodupehlouncnedosolotagasurtpidedlexcooracatengioxalnsegoiteafpitagsuriessisenresclscingalnsabsapninriariortapavocinesmcodosprecrcaoatanpoeacexpegoahatodotmoaaoeconuptrvloaresanhtorhecesemodoncnpdemprnpszndrisidrpauetpoafclcetelenubrkphasosedeaabetoammumpaemrraezcldmnesesinsqenepoalonnscodctmoarpeleapenorigirdceooeapnoonyobhrolnecretederoncoopuraniopttoremistottrsartrghinbunidanealeudtrdoppoisiionamimbrottenovartrosxposaeuncemomndopsiceanoenuotaipcxnstudmaylentfmenapijuadedasimepomalougntorocatijoppsaerimioenfodieicilpexnbizanndmibsllackcirfcebamrisnermanonreniosintizlpeptemtosiq
   T2 muinabubtripornfonfidierastemvafanoarradtimaoisenrchocstrosetrlvaslarsuemiloaofunagarfganacrdonelnpenpardenpagiaendeiaceeslegeerounfautjizertotafustreacaseneais
conv=0 w1=18 w2=35  z=11.4  K2 25 3 27 10 8 18 22 6 20 9 0 33 4 28 32 21 2 14 12 19 26 1 11 15 24 23 17 13 31 30 7 5 34 29 16
conv=0 w1=19 w2=35  z=11.0  K2 12 21 11 34 29 22 14 6 25 3 30 13 19 32 7 17 0 28 16 26 5 8 23 2 18 10 4 31 15 1 20 27 9 33 24
conv=0 w1=20 w2=35  z=11.3  K2 33 27 3 30 22 18 19 8 21 5 16 1 2 29 0 31 34 23 7 12 14 15 17 26 25 13 11 6 24 9 10 32 20 28 4
conv=0 w1=21 w2=35  z=11.3  K2 33 22 16 14 12 9 24 32 4 10 31 29 28 15 7 1 13 5 11 17 27 25 2 34 23 0 19 6 8 21 3 20 26 18 30
conv=0 w1=22 w2=35  z=10.9  K2 16 8 13 3 34 4 0 12 20 6 33 7 23 22 25 15 19 24 30 2 26 21 14 18 32 10 11 5 9 31 17 27 1 29 28
conv=0 w1=23 w2=35  z=10.8  K2 3 18 17 20 34 9 15 23 6 7 10 12 22 13 4 1 30 19 0 33 25 21 32 27 29 11 5 2 26 8 14 28 24 31 16
conv=0 w1=24 w2=35  z=10.2  K2 16 31 22 20 33 4 1 7 14 28 19 9 26 27 21 23 3 24 15 12 29 0 25 10 18 17 6 2 8 30 11 13 34 5 32
conv=0 w1=25 w2=35  z=10.7  K2 29 22 34 30 6 4 13 8 31 1 2 15 26 7 24 5 23 20 19 25 18 14 3 27 0 32 17 10 9 12 21 33 11 28 16
conv=0 w1=26 w2=35  z=11.4  K2 2 15 17 26 13 33 3 8 16 9 14 0 7 31 6 5 24 11 29 25 20 34 12 28 27 19 4 1 32 18 22 23 30 21 10
conv=0 w1=27 w2=35  z=9.8  K2 3 30 27 10 16 28 5 29 33 25 22 23 18 21 31 26 34 7 13 0 14 24 4 15 2 20 17 12 9 1 11 8 32 6 19
conv=0 w1=28 w2=35  z=11.5  K2 19 6 13 17 11 25 18 3 24 7 9 1 4 20 8 21 10 2 29 31 30 33 32 16 12 23 0 27 28 15 14 22 26 5 34
conv=0 w1=29 w2=35  z=11.5  K2 25 6 19 24 33 2 23 22 34 12 7 26 15 0 21 18 28 17 3 16 11 1 14 27 20 31 32 5 8 4 10 9 29 13 30
conv=0 w1=30 w2=35  z=10.3  K2 12 29 24 20 8 2 4 26 17 18 34 14 33 11 23 22 1 31 13 25 32 3 9 28 16 15 5 27 0 7 19 10 21 30 6
conv=0 w1=31 w2=35  z=10.8  K2 29 34 4 28 8 7 22 1 23 2 30 3 10 5 27 24 17 16 18 0 32 13 11 21 14 15 25 31 20 19 6 33 26 9 12
conv=0 w1=32 w2=35  z=11.4  K2 12 25 11 20 22 28 32 33 13 9 1 19 4 27 24 10 29 21 2 16 3 8 0 15 17 31 5 23 14 34 7 6 30 18 26
conv=0 w1=33 w2=35  z=9.5  K2 3 9 34 16 23 27 8 10 33 15 25 2 29 32 26 14 12 7 19 17 0 24 4 5 31 22 20 6 11 18 21 13 28 1 30
conv=0 w1=34 w2=35  z=11.5  K2 14 21 2 16 8 19 29 9 24 26 27 32 28 11 17 13 15 1 12 25 0 4 34 33 18 22 10 6 3 7 20 31 5 23 30
conv=0 w1=35 w2=35  z=10.8  K2 26 5 12 8 31 22 27 2 28 33 6 0 16 1 7 4 19 15 32 9 11 34 25 29 3 13 21 20 17 18 14 10 24 30 23
conv=0 w1=36 w2=35  z=10.3  K2 6 34 8 29 0 16 1 26 31 15 27 28 32 21 2 5 14 10 7 30 17 11 19 13 22 9 18 24 4 23 25 20 3 12 33
conv=0 w1=37 w2=35  z=10.1  K2 11 22 6 14 21 31 5 15 19 1 32 20 30 13 29 24 16 23 27 2 9 25 10 26 34 7 3 17 8 4 28 18 12 0 33
conv=0 w1=38 w2=35  z=10.4  K2 6 0 13 34 12 31 30 33 7 27 9 3 26 10 32 20 4 1 14 18 15 22 23 19 2 25 11 24 17 8 21 28 29 5 16
conv=0 w1=39 w2=35  z=10.8  K2 29 20 28 8 14 13 16 7 10 1 17 25 15 34 31 21 33 3 26 2 23 11 4 24 22 27 12 19 9 6 0 30 5 32 18
conv=0 w1=40 w2=35  z=10.1  K2 19 25 0 23 33 22 18 12 34 7 21 32 29 27 17 1 20 9 6 31 28 16 13 8 3 2 10 15 26 4 24 14 11 30 5
conv=0 w1=11 w2=36  z=10.8  K2 27 20 33 2 24 30 10 17 8 0 15 22 26 5 1 16 7 34 32 12 18 9 21 28 6 35 4 29 23 14 11 13 19 3 31 25
conv=0 w1=12 w2=36  z=11.5  K2 19 33 15 22 12 9 16 25 35 4 28 31 5 20 17 26 29 23 34 8 14 18 2 3 24 32 27 10 13 11 21 6 30 1 7 0
conv=0 w1=13 w2=36  z=11.6  K2 14 20 26 3 0 18 33 17 28 23 25 35 10 22 5 16 8 32 6 11 13 7 30 12 24 29 4 27 31 21 9 1 15 34 2 19
conv=0 w1=14 w2=36  z=11.3  K2 3 25 32 17 29 28 35 16 21 34 33 22 0 12 19 10 24 6 26 5 27 23 15 4 30 11 1 7 13 18 8 20 14 2 9 31
conv=0 w1=15 w2=36  z=12.2  K2 0 11 4 3 24 34 25 10 7 26 9 8 27 22 21 30 29 18 12 5 17 28 15 14 23 33 19 1 31 20 35 32 2 16 6 13
   K1 quadrigrammes -13.620
   T1 puoparpoabssconirnpoenlmdadihocidcesvttunmefidappeglesperbraapstinmtrtantuseomoaaadfueminnreetertodatercetimeitpcoamoearshdnoamesafipporetenbneldoentpegletaaxpixposnecodampsuilsxoeceloenoscirokintddotlissmancisuepiosrieptieeflnodcegreoqcorobnhetorasiaiepueiomioorobiyandoallaesalrrnnpictotabpiensotamgicadeigoninpoancdeersrexbahnesecdoiseiomeneatolnorapiccasnkoruestaojenvoadiohzasoeaamrtengnentcrcesnmontoatsunreettrdmorzrepnsmocrrludiltacisdeaasoizprepaairesazpoinenonibcoceermooelfiedetopcsmpnjarpaodatenpnlarbadehurhedimourasbsulangempunsnisplarioguonntxconspalttonaqapisanconooelemacuncrcepetyoecohxsmbovobrgom
   T2 giboeuraucletnnonaarisaprdasunfurnteoviannsmieorfibcezaesenfiafisolgteateaheedeaaessaavutaepltenadrafintorempirticigrarescoderanustraojonprldrnenfoafrumaagocmls
conv=0 w1=16 w2=36  z=11.4  K2 13 30 26 4 18 5 17 22 12 21 11 33 10 32 8 28 6 34 25 7 9 2 24 1 23 0 15 29 3 20 16 27 31 14 35 19
conv=0 w1=17 w2=36  z=11.1  K2 12 11 17 24 22 6 0 13 16 15 23 32 10 9 26 3 34 27 5 2 20 31 4 21 7 33 30 35 25 18 29 19 28 1 8 14
conv=0 w1=18 w2=36  z=10.9  K2 1 14 6 10 11 12 33 17 3 28 19 7 22 29 32 30 4 20 15 27 21 34 5 8 35 18 26 31 0 16 25 9 23 13 24 2
conv=0 w1=19 w2=36  z=11.5  K2 22 2 29 33 35 19 3 27 5 0 18 32 31 30 28 21 16 25 8 7 10 17 34 24 20 15 23 1 13 12 11 14 26 6 9 4
conv=0 w1=20 w2=36  z=10.9  K2 15 28 30 32 6 16 7 1 24 25 26 17 13 34 20 18 14 33 31 29 10 9 27 5 2 4 11 22 23 12 8 21 3 35 0 19
conv=0 w1=21 w2=36  z=11.2  K2 3 26 11 21 31 34 10 25 7 12 30 24 9 16 6 28 20 1 22 23 15 33 17 4 35 32 5 19 8 18 27 13 0 29 14 2
conv=0 w1=22 w2=36  z=11.5  K2 32 15 19 31 18 23 14 33 10 9 6 1 27 26 25 17 12 22 0 24 21 5 20 29 30 34 3 13 16 7 28 35 8 2 4 11
conv=0 w1=23 w2=36  z=10.8  K2 0 6 31 3 19 14 27 29 30 9 22 8 20 32 15 11 21 26 24 13 16 34 7 5 1 10 12 35 23 4 17 28 2 33 18 25
conv=0 w1=24 w2=36  z=11.7  K2 5 32 19 17 35 15 21 33 18 29 23 16 2 10 28 30 26 12 20 34 0 9 8 25 22 31 24 6 11 3 14 7 1 27 13 4
conv=0 w1=25 w2=36  z=10.0  K2 13 17 7 35 11 2 12 22 28 34 9 30 3 0 32 16 26 6 5 10 31 1 8 25 29 14 15 18 21 24 19 23 33 20 27 4
conv=0 w1=26 w2=36  z=11.4  K2 5 1 11 4 0 33 31 29 26 30 12 22 16 32 3 21 15 35 14 27 34 13 9 18 6 23 19 28 7 20 17 24 25 10 8 2
conv=0 w1=27 w2=36  z=10.0  K2 0 1 10 28 26 30 24 29 2 25 34 21 27 16 9 19 12 6 31 5 35 33 20 23 32 7 4 14 11 3 8 18 22 13 17 15
conv=0 w1=28 w2=36  z=9.8  K2 9 16 28 13 35 19 0 7 4 8 29 27 10 6 21 11 18 14 22 24 33 30 2 26 3 5 31 15 20 1 12 34 23 32 17 25
conv=0 w1=29 w2=36  z=10.2  K2 25 27 26 10 4 0 29 18 17 2 5 3 20 12 15 28 30 6 35 24 32 9 13 16 11 23 21 34 14 22 33 1 31 7 19 8
conv=0 w1=30 w2=36  z=10.7  K2 13 28 18 23 5 16 32 8 15 21 34 1 9 10 12 22 2 31 11 3 33 4 17 35 14 30 20 24 6 29 0 26 27 7 19 25
conv=0 w1=31 w2=36  z=11.0  K2 4 27 30 31 1 8 22 28 0 35 5 12 10 19 33 24 25 18 32 21 34 16 26 11 17 9 14 2 20 7 15 23 13 3 6 29
conv=0 w1=32 w2=36  z=10.8  K2 10 9 7 6 34 13 8 27 32 19 2 3 16 12 26 1 33 23 18 0 21 11 15 24 14 5 20 17 35 30 4 29 28 22 31 25
conv=0 w1=33 w2=36  z=10.7  K2 28 15 26 35 4 32 24 10 3 17 20 16 23 1 21 27 33 30 0 29 31 18 14 5 6 34 2 12 9 22 25 13 7 8 19 11
conv=0 w1=34 w2=36  z=10.8  K2 4 23 18 5 1 24 8 16 11 20 17 31 12 10 21 13 7 29 9 19 32 28 6 3 22 34 35 27 25 0 15 26 30 2 33 14
conv=0 w1=35 w2=36  z=9.3  K2 22 21 9 34 12 5 29 17 8 23 3 32 28 25 19 35 7 13 33 24 26 16 1 20 30 18 4 14 6 15 10 27 11 0 31 2
conv=0 w1=36 w2=36  z=10.4  K2 0 15 7 1 25 13 20 18 6 32 12 31 24 8 29 23 22 17 2 3 27 35 5 21 16 4 26 9 14 30 10 28 33 19 11 34
conv=0 w1=37 w2=36  z=10.7  K2 33 0 6 19 7 11 10 12 31 9 24 27 8 26 28 35 5 30 21 32 3 20 34 22 25 23 16 1 18 4 13 29 15 14 2 17
conv=0 w1=38 w2=36  z=10.0  K2 11 1 7 22 12 29 21 5 16 13 18 30 28 0 24 27 25 9 3 6 35 32 20 17 2 31 10 34 14 33 4 15 8 26 19 23
conv=0 w1=39 w2=36  z=11.0  K2 18 13 12 25 7 14 23 10 29 17 34 35 3 8 22 4 19 26 21 28 5 20 30 1 31 11 15 27 33 32 2 0 6 24 9 16
conv=0 w1=40 w2=36  z=11.0  K2 1 0 27 21 23 5 34 12 7 13 8 9 3 15 19 18 33 24 10 14 30 35 29 17 32 4 2 16 22 25 11 20 6 26 28 31
conv=0 w1=11 w2=37  z=10.5  K2 34 3 29 16 2 12 22 28 30 7 11 13 36 1 31 10 9 19 18 4 24 0 8 15 5 32 25 20 17 14 23 26 27 35 21 33 6
conv=0 w1=12 w2=37  z=12.4  K2 5 22 35 23 18 1 2 29 13 26 28 3 16 32 4 11 7 21 9 10 31 0 30 27 24 20 36 19 6 14 25 12 8 15 17 33 34
   K1 quadrigrammes -13.563
   T1 ctxsddorlotcpnseeaosegoipadlansgireerdtrrionjuusosescdnanstzoeroendrlgaleanlostctriddtfpamstcprelermdmononcopemeazpaailehsmealtiocapeslnpiecoinnogosouxinenfnegmssueeohorpoefoxcopudsdohtprenoraeyciianialieanoazpomenbxishabansiltaksantegiloeptonicutriradaxxesneteraobicefmoaeltateseecarmirmostrdaaltleemnmrnoporovamprcismancogiocttpetyprpsubamndoportitonqcorropameppmececaeatrqojudibrspoinsbpriuiepiecreruenohisolpopanovtotdengdonctiasodproeemnplnsclmaememitefueanoaderosacieuenedoagnpaonisdesatdoehpecenpeopnoaomosbarezaacactercertoroenceacesnkepataioteotiobdnrenanibiplabhsolantshiboarrmismancuviidinnnsbunaosinoeuu
   T2 gomesdrniersleazunafatapeastntonegenerartantfatroanrcaesapuenfrbtirvirimbceaejarsneagnaurdfffurciasefincorotasetouideloslesrmaniolendiciaurgaoposvahmadoapuneiel
conv=0 w1=13 w2=37  z=10.9  K2 30 13 12 34 21 29 19 9 4 33 23 17 20 15 26 2 0 10 35 14 22 11 28 36 16 18 31 25 6 3 7 27 32 5 24 1 8
conv=0 w1=14 w2=37  z=10.7  K2 23 36 0 3 28 15 17 2 10 33 5 16 22 29 25 9 7 1 19 8 11 32 21 13 27 31 24 26 6 14 20 34 18 35 12 30 4
conv=0 w1=15 w2=37  z=11.4  K2 0 5 13 27 22 16 21 6 20 36 26 32 18 29 28 2 17 10 7 31 25 4 9 8 33 30 14 12 35 11 19 3 15 1 23 34 24
conv=0 w1=16 w2=37  z=11.1  K2 0 15 28 21 20 34 23 1 18 7 19 13 10 11 31 9 36 2 27 30 16 32 29 33 35 3 17 25 12 5 6 26 8 4 22 24 14
conv=0 w1=17 w2=37  z=11.2  K2 2 32 36 18 16 15 21 13 33 29 9 26 5 7 22 1 19 20 11 3 35 8 6 10 34 14 24 30 25 17 4 12 28 31 0 27 23
conv=0 w1=18 w2=37  z=10.5  K2 20 17 30 11 1 7 18 21 16 15 36 3 8 6 32 14 35 33 25 22 28 13 0 10 34 26 9 24 23 27 2 4 19 12 5 31 29
conv=0 w1=19 w2=37  z=11.1  K2 33 24 34 36 13 5 9 35 11 12 6 23 27 18 19 17 10 31 14 28 16 30 25 15 4 20 32 26 1 8 29 2 21 0 22 7 3
conv=0 w1=20 w2=37  z=10.2  K2 2 1 15 14 6 33 28 21 19 36 23 17 35 13 5 32 22 10 8 4 20 9 0 7 30 34 25 18 11 12 31 24 29 26 27 3 16
conv=0 w1=21 w2=37  z=11.1  K2 35 22 0 17 31 20 28 19 4 30 25 16 14 34 24 18 7 15 32 13 3 33 9 11 1 10 26 36 6 27 8 23 12 5 2 29 21
conv=0 w1=22 w2=37  z=10.8  K2 35 2 20 21 6 26 4 11 23 33 32 9 17 15 25 36 3 29 8 34 28 22 10 7 27 18 31 1 24 16 30 13 12 5 14 0 19
conv=0 w1=23 w2=37  z=11.5  K2 22 33 31 32 12 26 18 16 9 19 15 4 24 0 20 34 6 25 23 35 5 1 27 21 17 30 14 2 13 36 8 11 28 29 7 10 3
conv=0 w1=24 w2=37  z=11.0  K2 17 5 15 14 20 1 23 26 10 21 12 13 22 8 19 16 18 34 31 24 11 9 29 3 27 30 36 7 6 32 33 28 0 25 2 4 35
conv=0 w1=25 w2=37  z=11.1  K2 23 0 10 15 27 6 12 17 30 9 20 3 14 16 28 26 1 5 34 21 32 24 19 29 18 33 7 2 36 25 31 4 13 35 11 8 22
conv=0 w1=26 w2=37  z=10.7  K2 3 2 35 12 11 24 31 33 21 19 15 34 18 26 20 5 0 30 1 27 13 17 28 10 25 32 23 29 6 36 7 4 9 16 14 8 22
conv=0 w1=27 w2=37  z=9.8  K2 33 1 24 4 16 14 2 10 8 17 0 35 32 22 34 29 27 26 13 30 25 23 19 5 31 3 36 7 12 6 28 21 15 18 9 20 11
conv=0 w1=28 w2=37  z=10.7  K2 30 1 12 0 8 15 6 19 27 28 31 32 16 33 35 34 23 10 29 13 26 14 25 18 20 7 5 2 9 4 36 11 17 24 22 21 3
conv=0 w1=29 w2=37  z=11.7  K2 6 8 4 15 12 32 25 26 17 30 20 27 11 24 10 1 14 2 33 0 18 34 7 22 21 9 36 31 16 23 28 5 3 29 35 13 19
conv=0 w1=30 w2=37  z=11.8  K2 30 4 33 36 5 17 3 21 10 11 12 1 31 0 35 6 2 19 27 23 32 20 14 15 26 29 7 13 34 25 24 9 28 16 22 18 8
conv=0 w1=31 w2=37  z=10.6  K2 22 15 29 11 31 19 23 3 20 1 16 13 25 27 4 36 32 26 28 17 12 14 30 34 7 2 10 18 33 6 9 35 0 21 5 24 8
conv=0 w1=32 w2=37  z=11.4  K2 26 4 17 19 9 6 36 16 32 8 31 14 25 18 0 1 29 2 28 27 21 34 20 22 35 33 12 24 5 13 23 10 3 7 15 30 11
conv=0 w1=33 w2=37  z=10.8  K2 18 24 23 19 1 15 2 11 9 16 36 28 32 6 7 25 26 17 35 8 13 14 29 3 22 33 4 31 21 10 20 12 0 34 27 30 5
conv=0 w1=34 w2=37  z=10.7  K2 1 28 21 3 4 35 32 33 27 25 14 11 13 19 22 20 12 31 6 0 23 10 36 34 30 17 9 8 26 15 5 7 24 18 2 16 29
conv=0 w1=35 w2=37  z=10.0  K2 25 1 36 32 20 4 26 21 24 0 31 23 2 18 29 13 22 19 28 17 7 30 3 11 8 5 15 16 27 10 34 9 14 12 35 6 33
conv=0 w1=36 w2=37  z=10.1  K2 34 14 19 4 11 9 12 35 36 13 28 7 16 5 25 30 15 0 6 24 31 29 3 33 23 17 26 32 27 18 10 2 1 20 8 22 21
conv=0 w1=37 w2=37  z=10.4  K2 24 35 12 23 5 6 32 20 18 10 25 26 9 3 22 16 28 2 0 31 29 13 14 27 21 8 36 34 19 1 11 4 33 7 17 30 15
conv=0 w1=38 w2=37  z=10.7  K2 22 36 32 15 35 25 13 14 8 21 4 2 30 17 11 7 33 31 24 18 12 1 3 0 27 9 19 23 28 20 10 6 26 29 16 34 5
conv=0 w1=39 w2=37  z=9.7  K2 3 36 35 30 22 24 14 20 0 2 23 34 10 8 9 33 19 11 31 28 17 1 26 6 16 32 5 15 25 12 21 13 7 4 27 18 29
conv=0 w1=40 w2=37  z=10.9  K2 1 22 24 0 19 20 9 3 10 6 32 16 29 31 7 15 13 30 21 33 12 18 25 11 4 28 34 27 26 35 17 14 2 23 36 5 8
conv=0 w1=11 w2=38  z=12.1  K2 4 22 30 0 19 11 34 24 8 31 21 10 9 27 25 20 16 18 36 23 14 6 1 12 17 3 32 33 37 15 13 2 5 29 7 26 28 35
   K1 quadrigrammes -13.665
   T1 snxobroaeaheinemupotrpnoetaoersduedocanpasuenvailiesnpetiamentamlcearapodstieuomceudoellodoncrslynumpootoeaihtiemrotssisngruortoasceijaedaobacpoxirpijesosgtteperomleslcinicontonlamonoislazaextprarmipmopogaueunpentoacnsmoeulfueilslcidisiiepuziaraamioeppacraecndoesiasdebintoborxoprsnsaertoerendrgenselmapgrrtodtxtxoncnhhnmodtinittrtbrrossbaeafsnoneisiogerodreemtoocereseonsabrzeoblacameeosarmcanbtrclldomoueepoepevuacaplicoyedaitsfdodnaalbrnmkoputaninoirpaesmschcogmosdaicepnrsphobpaptaiencadentuitspennqcfovsceepeintoscttpelenqtrenkeiegianpenambldainderenheomoontnondpaifrmhcprcitopodecapradocionaorsarizaonneeasagn
   T2 itasesdagnesfinoengoepodnaceenttpertuehiargabintuaparidfintraftmarfaunnorifsorrfeacueellguperoecadanormistessflermiealajsvanarzadurascioacoueneensalonmataovibrr
conv=0 w1=12 w2=38  z=12.2  K2 2 13 30 5 8 36 16 12 34 25 26 3 35 18 33 17 28 20 32 27 7 9 24 37 14 21 11 1 0 29 10 4 15 6 22 23 31 19
   K1 quadrigrammes -13.658
   T1 bzesdlolppoaaanaiorznconnpealaemesolgeamaerdaxnirtovotaincadeaaresofmpuanepertmopaeaaoalcolessieeanodnsotacimiatpncasherfenoctonltripsprlgpudregmiatmopciaceitiomocaoloterpacanalxhedociendountsretpatrenchstiabvemirqedorusaemtoastecresntmburotnertsocudenimefanntstonndrdorrcunaondanasslareegceppenerdorddxxknplontonrtuttagnpesoqridipaesieposclpomoisotznfmosionistabncrrrdipijoxnaeoygsrmeodocharippeobttucobyoosoeciraeuenpmgoelehaeeroppuniarenaunpimibisoksieelnpcheplnltiubicievibalopmnugasiimemnserinoxcogtuipabascronloairaocosemejotesntribezessfsehcosponbrsonderaepaptenieomodiapaecthntnuodeelorsooceedaniemsdonmeacd
   T2 zfesuevgannitcamadrornmaeronofenahspoparagreantinojacudepretaitcenbnrluerersloandaseeeuralteiraafedimianissberonelecofitstaiviftrguparaasgofdalueotrasncominasuf
conv=0 w1=13 w2=38  z=11.6  K2 24 10 20 5 2 35 8 17 29 7 13 1 36 14 0 4 37 30 19 21 32 11 9 34 15 12 16 25 31 3 22 28 23 27 18 26 33 6
conv=0 w1=14 w2=38  z=11.5  K2 22 11 28 7 16 8 34 32 30 9 0 23 13 3 20 18 6 14 17 12 35 26 1 5 21 27 25 29 4 33 10 2 36 37 15 24 19 31
conv=0 w1=15 w2=38  z=11.0  K2 33 36 9 18 2 29 20 10 24 28 16 21 0 32 1 17 12 26 11 27 37 5 34 3 25 22 31 8 6 23 15 4 30 13 19 14 7 35
conv=0 w1=16 w2=38  z=11.4  K2 24 27 6 17 3 1 22 11 36 2 30 7 26 28 13 14 21 31 33 20 25 8 29 23 5 19 10 9 32 15 0 37 12 18 34 35 4 16
conv=0 w1=17 w2=38  z=11.6  K2 28 5 34 10 30 21 36 37 29 7 33 13 4 15 1 23 2 31 35 14 20 19 18 12 24 8 22 17 3 11 9 0 16 26 6 27 25 32
conv=0 w1=18 w2=38  z=11.6  K2 22 1 3 10 0 35 12 17 25 33 9 14 5 29 2 28 18 32 23 26 27 6 15 24 34 37 8 31 20 21 13 4 30 36 19 11 7 16
conv=0 w1=19 w2=38  z=11.5  K2 22 17 29 15 4 19 0 6 2 34 1 11 21 20 31 13 7 32 8 26 33 28 24 16 5 18 23 14 3 37 12 30 25 9 10 36 27 35
conv=0 w1=20 w2=38  z=10.6  K2 2 0 35 26 25 15 22 23 31 24 29 32 20 18 9 28 27 4 36 1 37 19 3 17 21 14 12 16 13 8 34 5 7 10 30 33 11 6
conv=0 w1=21 w2=38  z=10.7  K2 29 13 37 4 31 15 8 35 23 11 20 7 17 2 14 25 16 27 36 18 28 19 33 12 24 34 6 9 22 1 32 21 0 5 10 3 26 30
conv=0 w1=22 w2=38  z=10.6  K2 19 10 33 29 22 23 34 25 1 27 2 20 31 32 12 0 3 24 17 30 6 15 4 7 26 8 21 9 37 36 13 11 14 28 35 5 18 16
conv=0 w1=23 w2=38  z=11.0  K2 10 3 2 35 29 33 5 16 12 15 24 0 32 25 19 31 18 11 26 27 37 34 6 30 4 9 14 20 13 23 21 8 7 22 28 1 36 17
conv=0 w1=24 w2=38  z=11.9  K2 13 25 35 33 20 10 4 7 0 19 23 8 5 29 28 15 30 36 31 34 26 21 2 27 14 12 3 11 24 22 17 9 6 18 37 32 1 16
conv=0 w1=25 w2=38  z=11.3  K2 33 19 0 24 12 28 32 7 16 4 21 14 22 29 35 36 5 34 11 13 15 37 10 20 6 23 25 30 1 26 31 17 9 27 18 3 8 2
conv=0 w1=26 w2=38  z=11.4  K2 11 34 1 26 24 27 6 7 12 36 19 28 8 15 16 18 33 22 14 13 31 35 25 30 4 10 37 3 20 0 9 17 29 2 5 32 21 23
conv=0 w1=27 w2=38  z=10.8  K2 12 8 17 4 18 22 14 32 19 31 16 6 28 1 3 24 13 37 35 25 30 20 7 11 0 21 5 33 27 26 34 29 10 9 36 15 23 2
conv=0 w1=28 w2=38  z=11.6  K2 10 15 24 2 5 0 27 19 16 29 12 7 13 17 36 31 20 8 32 33 11 1 21 25 22 26 23 14 4 6 37 30 34 3 28 35 9 18
conv=0 w1=29 w2=38  z=12.2  K2 16 8 21 13 25 30 22 19 33 29 18 32 3 27 37 36 28 2 26 24 17 1 12 6 14 11 31 9 7 0 10 34 20 23 5 4 35 15
   K1 quadrigrammes -13.203
   T1 tcvsatrtanntreloogrmcrzmontadopesnodenienudolidreougsnceerodenprpacarabunuorsimuprutomasenouseiaeotsoonuimpralamifrtonidilnsaionquleptonpnseiemplznasecebnytasonsupreegrmiddceeltheltenpancapotlopunzacibohcocamelksfggrnikezaiesarsareplmilamarslntagopeeaiosetontrenogrrpellisexteemrecoobenptepeonprodfdippboeltabicoinetesmootexmpodrcrbiansloocontondeesaaeeylcodacabemonhssiuvhnopotsopimpianooarpoxtdehacaacteoaasedeerhdixepracrnotviapansnsddesoeenodibofocrmarncoaeasierdintinractoftpitrtuciitatinejedamothhagnaramoansissnlegaoposdenamueosapelimpodoprccoecerscesiaosoxmncntacripintoneoupndxpebmmiiacojeubrerobiaensasieq
   T2 nvcauesuetonunpaniteeaabiorfecroaseranmererstacifagoheloseralandictorafdertagrosvimeanilunmegazadujiafbpssnrspnoeasdonotarfofrarintafiatupleragesrletemanenducii
conv=0 w1=30 w2=38  z=10.5  K2 16 17 3 8 31 22 1 28 27 12 23 6 20 14 37 24 11 19 18 4 26 2 33 15 13 25 10 29 35 34 5 21 36 7 9 32 0 30
conv=0 w1=31 w2=38  z=10.3  K2 11 26 32 4 34 30 20 25 10 37 24 33 19 12 14 28 29 21 18 13 2 15 5 0 27 1 8 36 6 9 22 16 31 3 23 17 35 7
conv=0 w1=32 w2=38  z=11.2  K2 11 26 9 21 32 23 18 6 8 33 12 10 15 24 34 27 35 36 4 29 13 5 14 1 7 31 37 25 2 22 30 19 28 20 3 0 17 16
conv=0 w1=33 w2=38  z=12.1  K2 8 26 22 1 0 31 37 7 5 23 9 30 27 21 13 24 18 17 19 3 10 11 2 12 36 35 6 4 25 15 32 20 29 28 33 14 16 34
   K1 quadrigrammes -13.153
   T1 hetamnuacevnprinotedenciteftiroahondooneavomtanoqueagirminulbohoaorpcintoenssenoetedopoostaenpilaspecaoerenosirslertpenjioastoraltuospoosdendmidmthibesprizaigoudasezdeihootieconptfbtipreosicitetonoxertagomromadinaacimeendesbsmpternalanibaupicoopcorledenoempkedinrmirzbrlsonauabadisncuienrascadrrinesceoolgnpfoofiaoumintaialmpomarsdieiamabealsapoeplejdrytedemecosteliosechonxcgrsdnocepeooaaespodasecuinpotoderlinannotecstntxauaeguieleprinstilnanpcchicocepongiaylnmoconabdetptrztblasenconsntcetrcrarmpesdprorrntiaoaprocupsrosenrksmesuenernenqtbsstpeapsmadoelupartaecoofnreomamolsnigheiacagapacrdxoroxxpnselapubaeveemm
   T2 nnliamarlafperotuaerifhazcieganuelarepasuffstesadartoerprondocefosfieemutdironalslogbacoaraosnmoenaonitmjparteninstsrindagavfueadaciraunceisretegnatueenresaribv
conv=0 w1=34 w2=38  z=11.6  K2 34 25 28 0 4 32 18 23 29 3 33 13 14 27 24 12 10 17 21 30 35 20 1 19 7 11 5 2 9 26 36 37 31 8 6 22 15 16
conv=0 w1=35 w2=38  z=10.8  K2 22 32 24 20 16 14 1 5 12 29 30 8 36 10 4 26 21 6 11 35 0 34 18 13 37 23 28 9 27 25 2 7 31 15 3 33 19 17
conv=0 w1=36 w2=38  z=10.3  K2 4 15 2 3 31 36 24 13 35 21 26 14 18 28 19 37 20 34 7 0 1 33 8 23 9 5 25 27 22 32 30 10 6 12 11 17 29 16
conv=0 w1=37 w2=38  z=10.4  K2 5 6 31 24 29 26 0 25 16 11 32 20 15 30 23 12 28 19 37 33 4 13 27 36 17 18 7 2 21 34 9 14 22 10 8 3 1 35
conv=0 w1=38 w2=38  z=11.3  K2 28 21 36 9 26 8 31 35 13 7 20 10 19 29 30 22 18 2 4 32 1 24 11 14 6 25 15 33 37 27 3 17 23 34 12 0 5 16
conv=0 w1=39 w2=38  z=12.1  K2 33 28 5 34 25 29 30 31 10 20 18 8 32 0 15 27 35 23 19 14 22 26 17 37 13 12 6 1 16 4 3 9 7 2 24 36 21 11
   K1 quadrigrammes -13.083
   T1 nltzorifoedesoelalostreelgauiargonoeehmiantesononaratpemsnpoommpuesuenzcnprifesmasttrbernticieeadoegrsicesadssuetunmibodhelpeaohimaandfibaxccopaabdparcocoecantaebsostinsaiomaiglcutelltntinolorrverroainnoaouenosioocasadmobrejeniemeeloeeonmeecasiksnegraeotespctrcisptrvplucedondrcenmocneydeepeoondnoupaindtprasoatitaesunimierasinabishmagigeltanicerefpornhosnarnbxcomonvnenunspoydfiodeharitrhteclttratarlasrgrdeobsckecoenbcapareolalpinpdorpcuiantiosoalonsoqalanitanesepoxpamracarinudqpsuetsposntecedppptonpropoarisdemboxjaenipoxbteenldginreitomodpxcodaonpunomocerimimeprporetiritspopanaezmotadecholssticuasomameezoencd
   T2 sizadainearolfvoreantalassnegotencucampaamoearanpintfuftuapromageurgfirtarlafedeleertoelheeneientarirgasnsistircuarffadevpetuansidrsuascoboscindamarnerbionejoon
conv=0 w1=40 w2=38  z=11.1  K2 20 17 10 31 7 12 27 32 11 6 36 34 5 29 15 4 1 2 22 19 21 23 26 0 8 25 30 37 14 18 33 3 13 28 24 35 9 16
conv=0 w1=11 w2=39  z=10.7  K2 21 6 5 35 18 25 36 30 31 10 19 12 9 7 17 13 22 3 23 24 34 4 33 14 15 29 16 0 38 20 27 26 37 28 1 32 11 8 2
conv=0 w1=12 w2=39  z=11.5  K2 31 27 32 8 18 21 23 28 35 4 36 3 17 33 30 38 16 37 24 13 14 29 2 5 20 1 11 22 7 6 9 26 10 0 15 19 12 34 25
conv=0 w1=13 w2=39  z=10.8  K2 37 12 33 22 36 13 35 29 19 20 23 8 27 38 0 28 15 25 31 4 6 32 2 26 16 34 24 14 1 7 3 5 17 10 30 11 9 18 21
conv=0 w1=14 w2=39  z=11.1  K2 17 1 31 34 36 35 2 11 10 16 12 14 29 28 20 21 37 9 6 0 24 32 13 3 5 19 25 38 22 33 8 23 27 26 15 18 30 7 4
conv=0 w1=15 w2=39  z=11.7  K2 8 12 10 0 26 3 1 32 23 31 6 29 33 20 36 4 15 2 27 16 18 19 25 13 37 14 35 22 21 30 24 17 9 5 11 28 38 7 34
conv=0 w1=16 w2=39  z=11.2  K2 37 7 38 0 14 8 10 32 3 13 1 26 33 18 28 17 9 24 29 5 34 11 23 4 35 6 22 16 20 36 15 31 30 12 27 2 21 19 25
conv=0 w1=17 w2=39  z=11.2  K2 4 30 17 33 3 10 0 34 31 1 2 14 27 20 8 9 23 37 13 38 5 29 28 21 32 36 15 7 26 24 22 35 18 12 11 6 19 25 16
conv=0 w1=18 w2=39  z=12.2  K2 31 1 24 32 38 5 10 34 33 30 3 37 15 4 18 16 8 36 0 27 12 25 13 2 6 20 35 17 21 19 7 11 28 22 23 29 9 14 26
   K1 quadrigrammes -13.271
   T1 emattmubysepnenshaesnpeciziairoancoebalexmoiodogibansnasfiaodondomtenixoddnocunprtusntncopraeacxpelgodioericespllinfncriezmusttincnteradeltarlabeidieeobonoredarastiroeronkneroagaheiumspenzaqugucntueelindommomppeoaucoscknssponcolalptinhiseestrmempnieeepmaiamrbcoostidenlstbossedscaipntlaptairndvoraeraitaelrpenengecimonpeshopadvonsaniaprcolsmompucatlpajobesciarmoheoepemxfutienaolanascacurendoafipetrieclaesyersosnrtchoconpanoecoodtstmctexposdogonootadosnioqgbrbmenmportcpuheatetidotesdupoeboeriprmraivrendetroschngadanaararocaiidpalpuieltoelspeeirsenreepuronosfrmataprditrpogasteescoabrienisacjaloiemozeenanotnnoxoo
   T2 fmbgptostelatfritasandaprrrerssnaimnoaevueoseraejaostidasuenbitacalpaoincosoargscirdefuifiengongoredrurecarunserinmolueamatelradozaineavanitahepanfetufflaenenrc
conv=0 w1=19 w2=39  z=12.0  K2 0 21 23 22 16 7 38 29 9 36 17 12 8 35 34 18 33 1 13 6 15 5 4 37 28 11 19 10 32 27 25 30 14 3 26 20 24 31 2
   K1 quadrigrammes -13.146
   T1 pnleoreeernansosepoepearcroadrmnaeehetacteeorozioaeurotaroolemgritidicsapentuhdoelcinoabasarerengropadoiiemossmpontmilaerfnnotficaltfelmaencbjnempapocadaohengrienthodexasmodecodoeptipedrdmicinmirlpomorindioutosnsicearaqiooelentyeealcotrrlasodicuexcaanidsponnsirkingbrmiasuitalblencrabtsoasdiestpoddtlcpompuoeptaempiobrnelzpopicseenalneeeburenfceoreoenlaartoqtoenatbapianpirsnanazercosamipenegstslgonsontecssticamppconsabaessbsdoentinspautangumiapecusmoseohgintosmoeepeietotizgropodetansiropoarmptaxpoponsnortanvahosechectultrindiladocsbejaxduhmuksvdocaranmisomouecaennddelpitirocmexurinfposncartaroupeconxanboeyernv
   T2 trpsesinefizarienibrtrndestafslcerugedpesengoroanirnceapiesavgufanteldooviertanarconosaorarofnamatuumompbasentanegruendaliafaletoarinaciltueffeerhjdassaicauarmo
conv=0 w1=20 w2=39  z=11.7  K2 24 4 30 29 34 16 11 2 19 33 14 32 10 18 20 12 5 3 17 25 28 37 7 13 15 0 31 23 8 27 26 38 36 9 35 22 1 6 21
conv=0 w1=21 w2=39  z=11.3  K2 31 32 37 18 1 22 16 0 6 28 15 10 8 13 30 5 36 21 34 29 4 11 38 19 2 23 3 35 12 33 24 14 20 17 9 7 25 26 27
conv=0 w1=22 w2=39  z=11.6  K2 0 12 18 20 9 1 25 11 30 34 24 6 19 10 22 15 2 4 31 7 27 32 29 5 13 17 26 36 38 37 35 3 8 21 23 28 33 14 16
conv=0 w1=23 w2=39  z=11.1  K2 16 37 5 29 38 20 18 21 27 33 25 13 32 23 14 3 26 22 10 28 17 7 30 36 4 15 31 8 19 34 9 0 11 1 6 12 35 2 24
conv=0 w1=24 w2=39  z=11.4  K2 2 10 13 3 28 35 31 34 38 12 20 1 29 22 11 32 33 5 24 6 27 30 17 18 16 19 9 26 21 15 25 0 37 36 8 7 14 4 23
conv=0 w1=25 w2=39  z=11.6  K2 8 25 27 37 11 26 0 3 16 15 23 5 33 22 30 17 14 31 13 4 24 21 9 35 10 12 18 6 29 28 32 7 2 20 1 34 36 19 38
conv=0 w1=26 w2=39  z=10.4  K2 34 37 0 27 7 11 23 25 26 6 31 12 5 14 24 13 21 22 9 18 4 8 32 2 29 3 33 35 15 17 28 1 16 20 19 30 36 10 38
conv=0 w1=27 w2=39  z=10.9  K2 26 0 16 38 34 4 29 33 22 15 3 30 1 17 12 8 37 11 28 32 13 9 20 10 7 21 5 6 35 27 14 19 23 24 2 36 31 25 18
conv=0 w1=28 w2=39  z=11.0  K2 37 0 22 34 23 9 28 21 29 5 26 17 11 15 18 24 25 13 7 3 6 32 8 35 10 2 33 36 31 19 27 12 4 14 30 1 38 20 16
conv=0 w1=29 w2=39  z=10.7  K2 21 35 13 29 27 26 33 4 0 6 19 32 15 24 25 12 31 14 7 17 18 23 3 22 30 9 11 16 8 37 36 2 34 1 5 20 38 10 28
conv=0 w1=30 w2=39  z=10.3  K2 7 33 34 14 13 29 5 3 23 30 38 15 35 11 32 28 12 20 17 22 18 6 9 0 10 25 16 21 19 36 2 37 31 27 1 26 24 8 4
conv=0 w1=31 w2=39  z=11.0  K2 28 0 36 14 8 22 37 16 11 29 34 4 9 13 3 18 35 23 10 30 32 12 31 25 15 19 26 20 5 6 27 38 24 7 17 1 2 33 21
conv=0 w1=32 w2=39  z=11.4  K2 31 13 30 3 12 20 23 2 29 8 24 6 18 14 16 11 15 32 7 4 38 17 0 9 27 37 19 28 25 21 10 5 22 35 33 26 34 36 1
conv=0 w1=33 w2=39  z=10.2  K2 15 19 33 11 9 23 37 29 8 12 18 7 30 28 38 22 5 14 21 27 1 35 24 26 2 36 10 17 20 34 13 6 4 32 25 0 31 3 16
conv=0 w1=34 w2=39  z=11.2  K2 28 17 22 4 5 11 37 16 8 10 36 14 18 26 1 20 24 35 21 31 34 27 33 38 7 0 30 32 19 9 25 15 13 12 2 23 6 29 3
conv=0 w1=35 w2=39  z=11.5  K2 6 32 31 28 4 11 27 19 1 9 23 0 3 8 26 35 25 24 14 34 13 18 38 36 15 37 5 10 30 21 7 2 29 22 20 33 17 16 12
conv=0 w1=36 w2=39  z=10.9  K2 28 0 21 24 9 15 38 17 35 22 27 1 32 16 5 37 31 36 8 33 30 19 13 3 14 7 29 20 34 12 11 6 2 10 23 18 26 25 4
conv=0 w1=37 w2=39  z=10.9  K2 5 24 28 21 15 29 3 33 38 6 0 35 25 12 26 23 27 31 4 8 37 20 10 18 9 13 11 36 1 7 32 22 17 30 2 34 14 16 19
conv=0 w1=38 w2=39  z=11.7  K2 24 27 30 22 32 37 20 2 14 26 6 3 4 25 21 29 28 7 0 15 18 17 23 8 13 1 35 9 38 34 10 19 31 5 36 33 11 12 16
conv=0 w1=39 w2=39  z=10.3  K2 28 31 5 11 15 21 29 9 6 30 0 22 17 1 7 12 8 23 27 38 32 25 20 2 35 4 14 13 3 26 19 10 18 37 36 24 33 34 16
conv=0 w1=40 w2=39  z=11.6  K2 18 38 21 20 34 17 8 22 30 11 5 3 16 27 35 10 31 25 36 37 6 28 0 7 33 9 24 15 29 13 26 32 12 19 1 14 4 2 23
conv=0 w1=11 w2=40  z=13.7  K2 11 17 38 12 6 9 3 19 36 24 34 27 2 8 18 26 21 14 30 4 31 7 28 23 5 20 10 39 35 37 22 13 0 29 32 25 33 16 1 15
   K1 quadrigrammes -13.528
   T1 zpnasinkescomizocopoocsnlopgmeonomtapncagcaclmodcajqrbifonpoanunxoenntciedaicorrtaonteepooonarturihoocicopesdepqodmepnolerapepaioomtotsiabhtisarrlahmucodtapydoeinampadettednsisitomasdpereerseneirdsdongriuomudeciutyroselnrsmirabmegariencimolvsnprimeriospausalsatrgrsencsxaaentanteettierirroaessopnohoseldotetpenunptdrnbandlaooncoiarastaperamebdlmenosietigesnpnsicabpereacoplleudozmahnoshtesbajpirnttoeinnxxtoextlcolarscnimadanteeonisilforsbedocoppieamipirandipeseetuloeaisexocupegongaaseksptthoiponnlpauesnemifhecpnoauetaerdbaposuceancroievcodaalenedrarmcpeiugenosecetincudalterlferozearrnaoticafanombenmembobrsonoov
   T2 lfraohagaeedporptisetuspresenardienaceraznienfaruvegnodescauesaunstrnfetoelrbrtoasdrafnoericidrtegifobajalarlmnpontuiauenocivigrenestoasnaamantmamusafroaileicfa
conv=0 w1=12 w2=40  z=11.9  K2 9 37 29 13 23 17 4 31 14 3 8 16 35 2 32 0 15 10 27 33 30 24 22 36 21 12 1 19 5 7 28 11 20 39 6 26 18 38 25 34
conv=0 w1=13 w2=40  z=11.6  K2 8 25 12 33 20 27 22 10 6 32 19 38 24 4 14 5 23 31 30 17 13 29 39 9 37 2 28 0 1 7 21 34 16 3 35 36 11 26 18 15
conv=0 w1=14 w2=40  z=11.9  K2 15 10 31 30 8 39 32 12 7 25 19 17 16 38 4 23 28 11 3 5 24 37 18 20 22 26 2 1 6 13 27 21 14 36 0 29 35 9 33 34
conv=0 w1=15 w2=40  z=11.7  K2 21 5 30 37 22 34 7 0 26 33 10 15 24 35 36 13 4 11 20 19 27 25 1 38 23 8 17 29 14 32 2 3 31 12 18 16 28 6 9 39
conv=0 w1=16 w2=40  z=11.4  K2 24 30 38 10 2 12 11 26 22 15 19 0 9 3 21 31 35 28 5 34 13 29 36 1 7 4 23 25 8 39 6 20 33 18 37 32 14 17 27 16
conv=0 w1=17 w2=40  z=12.1  K2 28 3 26 36 4 2 24 1 7 11 39 29 35 10 22 37 14 12 30 9 18 8 0 32 27 17 6 20 38 19 16 25 15 33 23 21 5 13 31 34
   K1 quadrigrammes -13.317
   T1 gnoaesmbubiinlirnoxgmoneuaepeetpitoscandistenmacteserioiripevonrnhomgeptprlosesneeonuacifastdotrnmcasinnodlesiscosensdodopomueofrranusepaqsimnbermonplamocablmexblepaiopaponpellafsadoeanmaeplcerulpidrncoterbirmemanzuinoadnoidoehanedliclmoalobrmprijasemperdieglletusrsniansprosemtananvorrsodienorspozcerrgeiokcoxccihindaicptcazgantusbergnansenirbtnengoenesfrlacionpixvisaotosotepaneodoeitiapdatonoicetocdtoetdoeactrrirditpiemenaeodatepuencteumcakepopsconelboararusucazchaertcenhopeoramaltecoaybemhoeqnarcnteposoroptatacaidasercebininacoleesiomptiosaxxuadouthtrshersdotoaamopoonoydinsppraiojnpunseasosemeetadeengprlftt
   T2 ecnpentunlemadioaitraniaaotobracostlestidesfifeeieresrfavimarrpamadsarlefptarnefvuenzaanconucinidnlmeeroggtorrociatrfusstrusieadjonaraganeonengaparaesuhoseafubl
conv=0 w1=18 w2=40  z=12.6  K2 11 18 22 25 2 31 27 10 24 33 7 14 28 26 1 30 3 36 4 29 38 20 15 39 37 0 8 17 34 13 9 5 6 35 16 32 12 23 19 21
   K1 quadrigrammes -13.118
   T1 zctobeuicogotheprarisypetexiaponileshasscarargautancaadlblackotrdianoneeuioolmeplucnrarabdafrislerecfidoamxdcijornpiosnenildxidfeaudomannoeasettplciaeimopinegempetitrabermetpeaemoosssbicapepctmennngbssponiscmaulmusutobrixhiaqdortomeferisardisdearcntnipeotoeueprtiodioenpoesteenhpesoetoasdegahvnirniorenaanpeapodopastelisandenuetindecochubaocrosansonttounprpaodeamsaazyndonoclperlalipsneassoresboiccincertaqoscunjbuvinsxpenatoscieagkmtopoltupoioproprtelmeercocaosoafgonmpongierecstrnomtohearodcodcamoecepeatinoerazannipeneasdebencompucdoezlarbrieentrrratronerimontomoesdomelmiadenomponllonsmaxtieonnsvealgpthistasrnp
   T2 rncalezgomscrobosfratdudtasciereramaronidatefieaeuasenftaenagmfivrrosfonanhanrlasaneerrtoagasdafsiciognspriualnobanieasufirappiroeeuntentialotepdueneervumaceljt
conv=0 w1=19 w2=40  z=12.3  K2 33 7 16 21 26 17 23 10 12 19 18 34 25 29 4 2 11 8 6 14 1 32 35 22 37 30 38 27 28 5 0 9 13 20 24 3 15 39 36 31
   K1 quadrigrammes -12.942
   T1 molorimebiicxtleiougoreldrmpiigxnrsienrudsoglaismiathircxlasminatuscpaancertoateporsiactaromoeaslapamopecehdendoeidssmamokymevcancromapaspordtiesospuoenyohaeannoeonelriotatiretasetaatometocedompisoncmeposerrruoodctronxhpofoisqmiecinorsasdiebrademuacieinemujersacofezscrsenxaraldenflcamucapooonpprnstaaroftidanesesdacaiaeddepnpomspamppttoldehioopebzospenmennerteerncnegetoetpongameusrgnttanatrocrolpujoasonmbitisdoropleshaernasipidenepbrbuelcortrontiboprestonnoepnooztrabbuieogonealitependonounocanvonutpalibldtinvusocepadliencreonhegateneretidiostadicoeapalepencopohabiacinnssfexeusacazonpsnenaelmistcicrengrnladqkb
   T2 uapamueteeetreedoptoteleapbislarenanfsedamamaaduanonjiitenefugusemansofsicosocterieraofenodersprningtisnalirchracrvirtslaalnaunosganeratffrafabirvidoaeroacrguzn
conv=0 w1=20 w2=40  z=11.8  K2 31 36 3 10 5 38 23 35 12 2 20 1 8 11 34 29 21 32 0 24 14 19 22 4 6 28 33 30 39 16 37 9 13 27 18 7 25 26 15 17
conv=0 w1=21 w2=40  z=12.5  K2 39 27 33 2 28 8 18 16 25 21 20 4 26 22 12 6 17 29 15 38 31 7 5 9 14 13 36 24 1 10 3 19 0 23 35 37 32 30 34 11
   K1 quadrigrammes -13.018
   T1 ktsgonsrnhinaibadetaeueorsoconcosoplonpnhoieecendoprpoebienttornicamiondeunrosoremopcirdeunlpshasiunvmmanosmedmoblopollpcenmnnfapimaltostoidoerejutcroqmotipemuaplktnsdenbaibttirhassmasenncftefehxiladngioplerrinnucemoeereiixoxanerrcupectopeaandoprpimparinuponiaiaodoepgerproctimaedmornpuennudientarddraatiabiaangizcictuenestbesnfesnpougecianellsmcexetectacegeeregtrarasoteceanpoauorechinpennenstheeaolfaltmpasdeigedisdavnieniennexcesnosodaretolrcodoalepoeaesaymprcalsocomoxoropasacrsquotoooamimprboteovrtadarlpirpostraotbicrilizadjomerlapostogieseensssycashelmunonspoattespodseatnariceazonetbrzatanpobicasmiboocadods
   T2 sffudencarnenmboijarameenelosavepretferortenlanaetuounicrialfogaaiesdreogrsaniessatanurfmartopibapainuhelanmioresagnitruzdectencagadvasaidasfrlapreotutosnoecirf
conv=0 w1=22 w2=40  z=10.8  K2 21 27 11 25 34 24 23 33 20 35 9 39 37 2 26 3 28 12 22 15 38 5 29 32 36 4 13 16 10 8 17 1 14 19 7 6 31 30 18 0
conv=0 w1=23 w2=40  z=11.6  K2 29 31 18 33 30 26 1 0 35 39 22 8 32 20 38 9 7 37 36 14 28 16 23 25 12 21 27 10 4 13 3 17 24 34 6 11 19 2 15 5
conv=0 w1=24 w2=40  z=11.8  K2 9 19 5 6 18 3 34 10 27 38 36 35 28 8 21 7 1 0 30 33 29 22 26 20 13 17 12 4 24 37 31 23 15 16 2 25 14 39 11 32
conv=0 w1=25 w2=40  z=11.1  K2 8 23 11 22 26 10 13 24 19 6 27 5 36 30 31 7 4 16 33 25 2 38 17 18 15 12 9 37 21 20 0 32 3 29 14 28 39 34 1 35
conv=0 w1=26 w2=40  z=11.1  K2 18 38 14 17 13 23 19 12 22 8 29 21 7 37 28 2 34 0 31 3 27 1 33 36 16 11 25 32 39 26 35 5 30 24 4 6 20 9 15 10
conv=0 w1=27 w2=40  z=11.7  K2 34 21 13 39 14 31 3 7 33 4 26 20 28 16 22 29 36 6 9 35 0 17 1 5 15 8 32 27 24 23 19 25 37 11 2 12 10 18 30 38
conv=0 w1=28 w2=40  z=10.6  K2 12 21 32 23 4 38 27 28 13 22 39 18 9 33 37 7 16 10 2 35 3 5 19 29 36 30 11 24 0 14 17 15 20 6 25 8 31 34 1 26
conv=0 w1=29 w2=40  z=10.7  K2 31 21 30 14 8 15 23 10 29 5 20 2 12 37 7 22 28 38 25 4 6 27 26 33 34 18 9 13 19 32 17 24 16 39 35 3 36 0 11 1
conv=0 w1=30 w2=40  z=11.0  K2 35 19 37 27 20 25 11 5 26 14 21 32 0 24 1 18 34 16 7 12 2 17 39 29 38 10 8 23 4 28 22 6 13 36 31 30 3 9 33 15
conv=0 w1=31 w2=40  z=10.9  K2 0 2 17 27 8 25 39 32 9 21 14 19 13 24 29 38 23 3 37 33 30 18 10 26 1 16 7 34 4 36 6 11 5 12 20 31 22 35 28 15
conv=0 w1=32 w2=40  z=10.8  K2 4 6 20 24 0 33 32 27 29 22 23 37 14 17 8 35 2 28 34 3 25 13 38 31 9 15 21 12 5 1 18 7 10 11 19 30 36 39 16 26
conv=0 w1=33 w2=40  z=11.1  K2 12 10 31 2 18 0 39 8 20 22 34 14 27 21 37 5 15 6 35 4 17 29 26 38 1 19 36 11 28 13 7 30 25 23 3 24 9 32 16 33
conv=0 w1=34 w2=40  z=12.2  K2 9 0 21 19 31 37 12 27 6 10 2 34 16 18 25 39 1 8 36 32 5 22 7 4 14 23 33 28 15 20 35 29 3 38 24 17 26 13 11 30
   K1 quadrigrammes -13.028
   T1 mpmidoaasanoiroonsiasnstrscocinepetoddeeaaogimaslfiemenzancisadlntmerarosattoqstedporocactioglmpeaoceatvoeapendfeccmltostusoplaneirpabdotrgutusbxipooenbescopaasormeiaramonntonmesltynlevndmairaspipoaloctrinpatuerrciazonicorauxtdpnoosedoedenaptofoadaesinpacnesteceetarithhkistttcknielpharitasmirdrntimeogodemoslisaledoenerqasoycrisusoenounciseporeceeleeidtorranmojrrsonoranaetunomsortrtlplfepojeubatornponzosogarcocanelmpnteeceneanihimocibehhocorteoedaperdupiodlmoenluirizacelguespahanoadxpiospipebdnaorsaomeexparerbrongienplformpeiengbleapammounsioxnotiashabincibunbosupompevesncedcctrpndbaccientienndeupreseaxgaenns
   T2 rngueatehaarnanpriocurrmolmerdeaoreptcasalituvegiaoraaresoennmgaroientasuasenalfuniejominodlabrnitasenpatensfvesprcientuffoeftassecrisedidafanfecrudatoigrloaabz
conv=0 w1=35 w2=40  z=11.0  K2 13 9 15 12 5 19 18 11 2 8 39 34 23 29 21 0 31 7 25 33 24 38 14 3 17 10 35 20 32 16 26 36 28 1 22 37 4 30 6 27
conv=0 w1=36 w2=40  z=11.5  K2 4 18 26 0 28 1 9 3 8 6 5 35 20 23 25 37 21 32 22 17 24 29 13 10 27 15 38 33 31 30 16 11 36 7 34 12 19 2 14 39
conv=0 w1=37 w2=40  z=10.3  K2 21 32 15 25 36 8 24 5 22 13 12 30 20 33 35 1 23 3 14 9 28 4 37 27 26 17 29 16 39 11 7 10 6 2 38 0 31 34 19 18
conv=0 w1=38 w2=40  z=11.7  K2 2 17 7 27 18 37 33 24 25 23 14 0 21 15 35 10 39 20 34 30 28 12 3 16 4 36 8 11 9 38 19 26 22 6 1 29 13 31 5 32
conv=0 w1=39 w2=40  z=10.8  K2 28 17 7 9 24 37 5 32 16 30 13 25 22 23 18 26 1 19 29 31 20 38 2 27 36 11 33 21 14 15 0 10 35 39 12 3 6 4 8 34
conv=0 w1=40 w2=40  z=12.2  K2 18 0 36 12 15 37 32 9 31 17 34 27 23 26 33 11 24 22 4 29 5 28 1 25 35 30 39 19 7 3 38 21 14 8 16 6 13 2 10 20
   K1 quadrigrammes -12.969
   T1 nikelsconcorenlynonttloadnargobiaroentuinrrntofraajpenoepofroeinernosunblisexdiecinrnnerrevenpstaennstciamosocxpodatalusayhopibiisgraciopoenqenrptaroneozsonlposshsikreoropeelonatunconqhanvsmacalmoematpogodnopcehonfoursbelptinacmeruaciemoiponaddoeracuraclanpbedarescopecioobaisodosbstomaseesttednopaoipercirehafopenteianstileedanhurirooenomrelpataadematandpetrmocbiuiiolmispojocaseesixoedezttcfaeazlturicoethatamexbabacitesndumtedormeeeosentupamuciedepemibremprnasntanddducddercmiaiospreannevaspltelaspogoaplassicirttpbeseconanicougpraentmxaimoplmospogheratupomegldennondgiestrsmoemionceriozotscaltcorradeexsgnipasip
   T2 ugtpbiguerocaiaenoroduntiblunaseenvocompenatoarutadtragafepormadeiajehfrecgenmaponltantuliasfasfenaavlalfinzasnasidisersantertocaeeersdiarsamieenfinserrocuorrfr
